‡∞®‡∞Æ‡∞∏‡±ç‡∞§‡±á,False,none
‡∞ß‡∞®‡±ç‡∞Ø‡∞µ‡∞æ‡∞¶‡∞æ‡∞≤‡±Å,False,none
‡∞∏‡∞Ç‡∞§‡±ã‡∞∑‡∞Ç,False,none
‡∞™‡±ç‡∞∞‡±á‡∞Æ,False,none
‡∞Æ‡∞®‡∞∏‡±Å,False,none
‡∞Ü‡∞®‡∞Ç‡∞¶‡∞Ç,False,none
‡∞∂‡∞æ‡∞Ç‡∞§‡∞ø,False,none
‡∞¨‡∞Ç‡∞ß‡∞Ç,False,none
‡∞µ‡∞ø‡∞®‡∞Ø‡∞Ç,False,none
‡∞∏‡±ç‡∞®‡±á‡∞π‡∞Ç,False,none
‡∞¨‡∞æ‡∞µ‡±ä‡∞ö‡±ç‡∞ö‡±Å,False,none
‡∞Æ‡∞®‡∞Ç,False,none
‡∞§‡∞ø‡∞®‡∞Ç‡∞°‡∞ø,False,none
‡∞ö‡∞¶‡±Å‡∞µ‡±Å,False,none
‡∞™‡∞æ‡∞†‡∞∂‡∞æ‡∞≤,False,none
‡∞ó‡±Å‡∞∞‡±Å‡∞µ‡±Å,False,none
‡∞µ‡∞ø‡∞¶‡±ç‡∞Ø,False,none
‡∞∏‡∞§‡±ç‡∞Ø‡∞Ç,False,none
‡∞ß‡∞∞‡±ç‡∞Æ‡∞Ç,False,none
‡∞Ü‡∞∞‡∞æ‡∞ß‡∞®,False,none
‡∞¶‡∞Ø,False,none
‡∞Æ‡∞Ç‡∞ö‡∞ø‡∞§‡∞®‡∞Æ‡±Å,False,none
‡∞Æ‡∞æ‡∞§‡±É‡∞≠‡±Ç‡∞Æ‡∞ø,False,none
‡∞≠‡∞æ‡∞∑,False,none
‡∞™‡±Ü‡∞¶‡±ç‡∞¶‡∞≤‡±Å,False,none
‡∞ï‡±Å‡∞ü‡±Å‡∞Ç‡∞¨‡∞Ç,False,none
‡∞ö‡±Ü‡∞≤‡±ç‡∞≤‡∞ø,False,none
‡∞Ö‡∞ï‡±ç‡∞ï,False,none
‡∞Æ‡∞ø‡∞§‡±ç‡∞∞‡±Å‡∞°‡±Å,False,none
‡∞Ö‡∞®‡±ç‡∞®‡∞Ç,False,none
‡∞®‡±Ä‡∞≥‡±ç‡∞≤‡±Å,False,none
‡∞ö‡±Ü‡∞ü‡±ç‡∞ü‡±Å,False,none
‡∞ï‡∞≤,False,none
‡∞¶‡∞æ‡∞∞‡∞ø,False,none
‡∞∏‡∞π‡∞æ‡∞Ø‡∞Ç,False,none
‡∞â‡∞™‡∞ï‡∞æ‡∞∞‡∞Ç,False,none
‡∞ï‡∞≤‡∞ø‡∞∏‡∞ø‡∞Æ‡±Ü‡∞≤‡∞ø‡∞∏‡∞ø,False,none
‡∞Æ‡∞æ‡∞ü,False,none
‡∞ö‡∞ø‡∞∞‡±Å‡∞®‡∞µ‡±ç‡∞µ‡±Å,False,none
‡∞®‡∞µ‡±ç‡∞µ‡±Å,False,none
‡∞ï‡∞≤‡∞ø‡∞∏‡∞ø‡∞ï‡∞ü‡±ç‡∞ü‡±Å‡∞ó‡∞æ,False,none
‡∞™‡∞®‡∞ø,False,none
‡∞ö‡∞æ‡∞ï‡∞ö‡∞ï‡±ç‡∞Ø‡∞Ç‡∞ó‡∞æ,False,none
‡∞∏‡∞Æ‡∞Ø‡∞Ç,False,none
‡∞µ‡±Ü‡∞®‡±ç‡∞®‡±Ü‡∞≤,False,none
‡∞§‡±Ü‡∞≤‡±Å‡∞ó‡±Å,False,none
‡∞™‡±Å‡∞∏‡±ç‡∞§‡∞ï‡∞Ç,False,none
‡∞ï‡∞≤‡∞æ‡∞≤‡±Å,False,none
‡∞∏‡±ç‡∞µ‡∞™‡±ç‡∞®‡∞Ç,False,none
‡∞™‡∞æ‡∞ü,False,none
‡∞∏‡∞ø‡∞®‡∞ø‡∞Æ‡∞æ,False,none
‡∞ï‡∞•,False,none
‡∞™‡±Å‡∞∏‡±ç‡∞§‡∞ï‡∞æ‡∞≤‡±Å,False,none
‡∞µ‡∞æ‡∞ï‡±ç‡∞Ø‡∞Ç,False,none
‡∞™‡∞æ‡∞†‡∞Ç,False,none
‡∞∏‡∞æ‡∞π‡∞ø‡∞§‡±ç‡∞Ø‡∞Ç,False,none
‡∞∏‡∞Ç‡∞ó‡±Ä‡∞§‡∞Ç,False,none
‡∞®‡∞æ‡∞ü‡∞ï‡∞Ç,False,none
‡∞ï‡∞≥,False,none
‡∞™‡∞Ç‡∞°‡∞ó,False,none
‡∞∏‡∞Ç‡∞∏‡±ç‡∞ï‡±É‡∞§‡∞ø,False,none
‡∞∏‡∞æ‡∞Ç‡∞™‡±ç‡∞∞‡∞¶‡∞æ‡∞Ø‡∞Ç,False,none
‡∞™‡±ç‡∞∞‡∞ï‡±É‡∞§‡∞ø,False,none
‡∞Ü‡∞§‡±ç‡∞Æ‡±Ä‡∞Ø‡±Å‡∞°‡±Å,False,none
‡∞ï‡∞µ‡∞ø‡∞§,False,none
‡∞∏‡∞Ç‡∞ò‡∞Ç,False,none
‡∞Ü‡∞π‡∞æ‡∞∞‡∞Ç,False,none
‡∞™‡∞≤‡±Å‡∞ï‡±Å‡∞¨‡∞°‡∞ø,False,none
‡∞¨‡±Å‡∞¶‡±ç‡∞ß‡∞ø‡∞Æ‡∞Ç‡∞§‡±Å‡∞°‡±Å,False,none
‡∞®‡∞Æ‡±ç‡∞∞‡∞Æ‡±à‡∞®,False,none
‡∞∂‡±Å‡∞≠‡∞æ‡∞ï‡∞æ‡∞Ç‡∞ï‡±ç‡∞∑‡∞≤‡±Å,False,none
‡∞ï‡∞≤‡±ç‡∞™‡∞®,False,none
‡∞∂‡±ç‡∞∞‡∞¶‡±ç‡∞ß,False,none
‡∞™‡±ç‡∞∞‡∞Ø‡∞§‡±ç‡∞®‡∞Ç,False,none
‡∞Ö‡∞≠‡±ç‡∞Ø‡∞æ‡∞∏‡∞Ç,False,none
‡∞µ‡∞ø‡∞ú‡∞Ø‡∞Ç,False,none
‡∞≤‡∞ï‡±ç‡∞∑‡±ç‡∞Ø‡∞Ç,False,none
‡∞∏‡±ç‡∞´‡±Ç‡∞∞‡±ç‡∞§‡∞ø,False,none
‡∞â‡∞™‡∞¶‡±á‡∞∂‡∞Ç,False,none
‡∞™‡±ç‡∞∞‡∞∂‡±ç‡∞®,False,none
‡∞∏‡∞Æ‡∞æ‡∞ß‡∞æ‡∞®‡∞Ç,False,none
‡∞Æ‡∞æ‡∞ü‡∞≤‡∞æ‡∞°‡±Å,False,none
‡∞§‡±Ü‡∞≤‡∞ø‡∞µ‡∞ø,False,none
‡∞Ü‡∞≤‡±ã‡∞ö‡∞®,False,none
‡∞∂‡∞ï‡±ç‡∞§‡∞ø,False,none
‡∞®‡∞æ‡∞Ø‡∞ï‡∞§‡±ç‡∞µ‡∞Ç,False,none
‡∞™‡±ç‡∞∞‡∞ó‡∞§‡∞ø,False,none
‡∞ß‡±à‡∞∞‡±ç‡∞Ø‡∞Ç,False,none
‡∞ì‡∞∞‡±ç‡∞™‡±Å,False,none
‡∞∏‡∞π‡∞®‡∞Ç,False,none
‡∞®‡∞Æ‡±ç‡∞Æ‡∞ï‡∞Ç,False,none
‡∞∏‡±Ç‡∞™‡∞∞‡±ç,False,none
‡∞ö‡∞æ‡∞≤‡∞æ ‡∞¨‡∞æ‡∞ó‡±Å‡∞Ç‡∞¶‡∞ø,False,none
‡∞µ‡∞æ‡∞µ‡±ç,False,none
‡∞¶‡∞Ø‡∞ö‡±á‡∞∏‡∞ø,False,none
‡∞ö‡∞ø‡∞®‡±ç‡∞®‡∞Æ‡±ç‡∞Æ,False,none
‡∞Ö‡∞¶‡±ç‡∞≠‡±Å‡∞§‡∞Ç,False,none
‡∞¶‡±Ä‡∞µ‡±Ü‡∞®‡∞≤‡±Å,False,none
‡∞™‡∞µ‡∞∞‡±ç‚Äå‡∞´‡±Å‡∞≤‡±ç,False,none
‡∞∏‡∞Ç‡∞§‡±ã‡∞∑‡∞Ç‡∞ó‡∞æ ‡∞â‡∞Ç‡∞¶‡∞ø,False,none
‡∞µ‡±Ü‡∞∞‡±Ä ‡∞®‡±à‡∞∏‡±ç,False,none
‡∞Æ‡∞Ç‡∞ö‡∞ø ‡∞™‡∞®‡∞ø,False,none
‡∞ö‡∞æ‡∞≤‡∞æ ‡∞π‡±ç‡∞Ø‡∞æ‡∞™‡±Ä,False,none
‡∞é‡∞µ‡±ç‡∞µ‡∞æ‡∞≤‡∞æ,False,none
‡∞™‡±ç‡∞Ø‡±Ç‡∞∞‡±ç ‡∞≤‡∞µ‡±ç,False,none
‡∞∏‡∞ø‡∞Ç‡∞™‡±Å‡∞≤‡±ç‚Äå‡∞ó‡∞æ,False,none
‡∞ö‡∞ï‡±ç‡∞ï‡∞ó‡∞æ ‡∞â‡∞Ç‡∞¶‡∞ø,False,none
‡∞∞‡∞ø‡∞Ø‡∞≤‡±ç ‡∞´‡±Ä‡∞≤‡±ç,False,none
‡∞¨‡∞æ‡∞ó‡∞æ ‡∞â‡∞Ç‡∞¶‡∞ø,False,none
‡∞ú‡∞Ø‡∞π‡±ã,False,none
‡∞ó‡∞Æ‡∞®‡∞ø‡∞Ç‡∞ö‡∞Ç‡∞°‡∞ø,False,none
‡∞ó‡±Å‡∞∞‡±ç‡∞§‡∞ø‡∞Ç‡∞ö‡∞Ç‡∞°‡∞ø,False,none
‡∞ß‡∞®‡±ç‡∞Ø‡∞Æ‡±à‡∞®,False,none
‡∞∞‡∞æ‡∞£‡∞ø,False,none
‡∞ö‡±Å‡∞ü‡±ç‡∞ü‡±Å,False,none
‡∞á‡∞∑‡±ç‡∞ü‡∞Ç,False,none
‡∞Æ‡±Ä‡∞§‡±ã ‡∞â‡∞Ç‡∞ü‡∞æ‡∞®‡±Å,False,none
‡∞∏‡∞π‡∞æ‡∞Ø‡∞Ç ‡∞ö‡±á‡∞Ø‡∞Ç‡∞°‡∞ø,False,none
‡∞Æ‡±Ä‡∞∞‡±Å ‡∞∂‡∞ï‡±ç‡∞§‡∞ø‡∞µ‡∞Ç‡∞§‡±Å‡∞≤‡±Å,False,none
‡∞ö‡∞ï‡±ç‡∞ï‡∞ó‡∞æ,False,none
‡∞´‡±ç‡∞∞‡±Ü‡∞Ç‡∞°‡±ç,False,none
‡∞≤‡∞µ‡±ç,False,none
‡∞µ‡∞ø‡∞µ‡∞æ‡∞π‡∞Ç,False,none
‡∞π‡±ç‡∞Ø‡∞æ‡∞™‡±Ä,False,none
‡∞≤‡±à‡∞´‡±ç,False,none
‡∞é‡∞≤‡∞ø‡∞µ‡±á‡∞ü‡±ç,False,none
‡∞ó‡±Ü‡∞≤‡∞ø‡∞ö‡∞æ‡∞∞‡±Å,False,none
‡∞Ü‡∞®‡∞Ç‡∞¶‡∞ï‡∞∞‡∞Æ‡±à‡∞®,False,none
‡∞Æ‡±ã‡∞∏‡∞æ‡∞≤‡±Å,False,none
‡∞Æ‡∞®‡∞Ç ‡∞ï‡∞≤‡∞ø‡∞∏‡∞ø,False,none
‡∞Æ‡∞ø‡∞Æ‡±ç‡∞Æ‡∞≤‡±ç‡∞®‡∞ø,False,none
‡∞ß‡∞®‡±ç‡∞Ø‡∞µ‡∞æ‡∞¶‡∞Æ‡±Å‡∞≤‡±Å,False,none
‡∞™‡±ã‡∞≤‡±ç‡∞ö‡±Å‡∞ï‡±ã‡∞Ç‡∞°‡∞ø,False,none
‡∞Ö‡∞≤‡∞∏‡∞ø‡∞™‡±ã‡∞§‡±Å‡∞®‡±ç‡∞®‡∞æ,False,none
‡∞®‡∞µ‡∞ö‡±à‡∞§‡∞®‡±ç‡∞Ø‡∞Ç,False,none
‡∞∏‡∞æ‡∞ß‡∞ø‡∞Ç‡∞ö‡∞Ç‡∞°‡∞ø,False,none
‡∞¶‡±á‡∞µ‡±Å‡∞°‡±Å,False,none
‡∞¶‡±á‡∞µ‡±Å‡∞°,False,none
namaste,False,none
dhanyavaadalu,False,none
santhosham,False,none
prema,False,none
manasu,False,none
anandam,False,none
shanti,False,none
bandham,False,none
vinayamu,False,none
snehitham,False,none
baavocchu,False,none
neenu,False,none
manam,False,none
ame,False,none
tinandandi,False,none
chadavu,False,none
pathashala,False,none
vidya,False,none
sathyam,False,none
dharmam,False,none
aaradhana,False,none
daya,False,none
manchithanam,False,none
matrubhoomi,False,none
bhasha,False,none
peddalu,False,none
kutumbam,False,none
chelli,False,none
mitrudu,False,none
annam,False,none
neellu,False,none
chettu,False,none
daari,False,none
sahaayam,False,none
upakaaram,False,none
kalisimelisi,False,none
maat,False,none
chirunavvu,False,none
navvu,False,none
kalisikattuga,False,none
pani,False,none
chaakachakyanga,False,none
samayam,False,none
vennela,False,none
pustakam,False,none
kalaalu,False,none
swapnam,False,none
paata,False,none
cinema,False,none
katha,False,none
pustakalu,False,none
vaakyam,False,none
paatham,False,none
saahityam,False,none
sangeetham,False,none
natakam,False,none
pandaga,False,none
samskruthi,False,none
saampradayam,False,none
prakruthi,False,none
aathmiyudu,False,none
kavita,False,none
sangham,False,none
aaharam,False,none
palukubadi,False,none
buddhimantudu,False,none
namramaina,False,none
shubhakaankshalu,False,none
kalpana,False,none
shraddha,False,none
prayatnam,False,none
abhyasam,False,none
vijayam,False,none
lakshyam,False,none
sphoorthi,False,none
upadesham,False,none
prashna,False,none
samaadhaanam,False,none
maataladu,False,none
telivi,False,none
aalochana,False,none
shakti,False,none
naayakathvam,False,none
pragathi,False,none
dhairyam,False,none
oorpu,False,none
sahanam,False,none
nammakam,False,none
chaala baagundi,False,none
vaav,False,none
dayachesi,False,none
chinnamma,False,none
adbhutam,False,none
deevenalu,False,none
santhoshanga undi,False,none
manchi pani,False,none
chaala happy,False,none
evvaala,False,none
simplega,False,none
chakkaga undi,False,none
baagundi,False,none
jayaho,False,none
gamaninchandi,False,none
gurtinchandi,False,none
rani,False,none
chuttu,False,none
ishtam,False,none
meetho untanu,False,none
sahaayam cheyandi,False,none
meeru shaktiyanthulu,False,none
chakkaga,False,none
vivaham,False,none
gelicharu,False,none
anandakaramina,False,none
mosalu,False,none
manam kalisi,False,none
mimmalni,False,none
dhanyavaadhamulu,False,none
polchukondi,False,none
alasipothunna,False,none
navachaitanyam,False,none
saadhinchandi,False,none
devudu,False,none
hello,False,none
happiness,False,none
heart,False,none
joy,False,none
peace,False,none
bond,False,none
respect,False,none
friendship,False,none
can be,False,none
we,False,none
you all,False,none
she,False,none
give,False,none
study,False,none
school,False,none
teacher,False,none
knowledge,False,none
truth,False,none
duty,False,none
worship,False,none
compassion,False,none
motherland,False,none
language,False,none
elders,False,none
family,False,none
father,False,none
sister,False,none
rice,False,none
water,False,none
tree,False,none
dream,False,none
path,False,none
help,False,none
assistance,False,none
word,False,none
smile,False,none
laugh,False,none
okay,False,none
yes,False,none
work,False,none
efficiently,False,none
time,False,none
moonlight,False,none
book,False,none
dreams,False,none
vision,False,none
song,False,none
movie,False,none
story,False,none
books,False,none
sentence,False,none
lesson,False,none
literature,False,none
music,False,none
play,False,none
art,False,none
festival,False,none
culture,False,none
tradition,False,none
nature,False,none
relative,False,none
poetry,False,none
society,False,none
food,False,none
speech,False,none
intelligent,False,none
polite,False,none
wishes,False,none
imagination,False,none
devotion,False,none
effort,False,none
practice,False,none
goal,False,none
inspiration,False,none
teaching,False,none
question,False,none
answer,False,none
conversation,False,none
wisdom,False,none
thought,False,none
strength,False,none
leadership,False,none
progress,False,none
courage,False,none
patience,False,none
tolerance,False,none
trust,False,none
very good,False,none
wow,False,none
please,False,none
little mother,False,none
amazing,False,none
blessings,False,none
good work,False,none
very happy,False,none
simply,False,none
well done,False,none
notice,False,none
remember,False,none
blessed,False,none
queen,False,none
around,False,none
like,False,none
i will stay with you,False,none
help me,False,none
you are strong,False,none
marriage,False,none
you won,False,none
full of joy,False,none
cheats,False,none
we together,False,none
thanks,False,none
compare,False,none
tired,False,none
new energy,False,none
succeed,False,none
god,False,none
hi,False,none
gadu,False,none
thellarlu,False,none
vunda,False,none
letha,False,none
ara,False,none
golu,False,none
golilu,False,none
kapari,False,none
gorre,False,none
manishi,False,none
sambar,False,none
biddalu,False,none
gallu,False,none
andhra,False,none
telangana,False,none
oka,False,none
star,False,none
actress,False,none
bazaar,False,none
bro,False,none
dude,False,none
brotha,False,none
‡∞ó‡∞æ‡∞°‡±Å,False,none
‡∞∏‡±ç‡∞ü‡∞æ‡∞∞‡±ç,False,none
‡∞Ö‡∞≠‡∞ø‡∞®‡∞Ø‡∞ï‡∞æ‡∞∞‡∞ø‡∞£‡∞ø,False,none
‡∞¨‡∞ú‡∞æ‡∞∞‡±ç,False,none
‡∞§‡±Ü‡∞≤‡±ç‡∞≤‡∞∞‡±ç‡∞≤‡±Å,False,none
‡∞®‡±á‡∞ö‡±Å‡∞ï‡±Å,False,none
‡∞µ‡±Å‡∞Ç‡∞°,False,none
‡∞≤‡±Ü‡∞§,False,none
‡∞Ö‡∞∞,False,none
‡∞ó‡±ã‡∞≤‡±Å,False,none
‡∞ó‡±ã‡∞≤‡∞ø‡∞≤‡±Å,False,none
‡∞®‡∞®‡±ç‡∞®,False,none
‡∞ï‡∞æ‡∞™‡∞æ‡∞∞‡∞ø,False,none
‡∞ï‡∞æ‡∞™‡∞∞‡±ç‡∞≤‡±Å,False,none
‡∞ó‡±ã‡∞∞‡±Ü,False,none
‡∞Æ‡∞æ‡∞®‡∞ø‡∞∑‡∞ø,False,none
‡∞∏‡∞æ‡∞Ç‡∞¨‡∞æ‡∞∞‡±Å,False,none
‡∞¨‡∞ø‡∞°‡±ç‡∞°‡∞≤‡±Å,False,none
‡∞ó‡∞≥‡±ç‡∞≥‡±Å,False,none
‡∞Ü‡∞Ç‡∞ß‡±ç‡∞∞,False,none
‡∞§‡±Ü‡∞≤‡∞Ç‡∞ó‡∞æ‡∞£,False,none
‡∞í‡∞ï,False,none
big,False,none
huge,False,none
small,False,none
fruits,False,none
vegetables,False,none
fruit,False,none
are good,False,none
are fine,False,none
we are fine,False,none
‡∞Æ‡∞Ç‡∞ö‡∞ø‡∞¶‡∞ø,False,none
‡∞ó‡±ä‡∞™‡±ç‡∞™,False,none
‡∞™‡±Ü‡∞¶‡±ç‡∞¶,False,none
‡∞ö‡∞ø‡∞®‡±ç‡∞®,False,none
‡∞ú‡∞æ‡∞Æ‡∞ï‡∞æ‡∞Ø‡∞≤‡±Å,False,none
‡∞§‡∞æ‡∞§‡∞ø‡∞ï‡∞æ‡∞Ø‡∞≤‡±Å,False,none
‡∞™‡∞Ç‡∞°‡±Å,False,none
‡∞¨‡∞æ‡∞ó‡±Å‡∞Ç‡∞ü‡∞æ‡∞Ø‡∞ø,False,none
‡∞¨‡∞æ‡∞µ‡±Å‡∞Ç‡∞ü‡∞æ‡∞Ø‡∞ø,False,none
‡∞¨‡∞æ‡∞ó‡±Å‡∞®‡±ç‡∞®‡∞æ‡∞Æ‡±Å,False,none
manchidi,False,none
goppa,False,none
pedda,False,none
chinna,False,none
jamakayalu,False,none
thatikayalu,False,none
pandu,False,none
baguntayi,False,none
bavuntayi,False,none
bagunnamu,False,none
meeru manchi vaaru,False,none
meedi chala pedda manasu,False,none
meedi chaala pedda illu,False,none
mee kallu chala baguntayi,False,none
dandam ra dhootha,False,none
salaam namastey,False,none
mee career best icharu,False,none
best edit bhayya,False,none
salaam,False,none
bhayya,False,none
thinu,False,none
mangalavaram,False,none
cheyyaku,False,none
ilaney chaduvukondi,False,none
pillalu chedipothunnaru,False,none
pillalu padu ayipothunnaru,False,none
pillalu,False,none
pilladu,False,none
gola,False,none
jagrath,False,none
em movie abba,False,none
asal mid lo nunchi povatledu,False,none
acting super,False,none
theesta,False,none
thoolu,False,none
thokka,False,none
oke okka chance,False,none
pettadu,False,none
em feel undi mowa,False,none
deenamma em feel vundi bhayya,False,none
thata vastadey adaragotti pothade,False,none
adi kuda correct ey kada saar,False,none
biryani thindam,False,none
beer tagudm,False,none
üòÖ,False,none
ü§£,False,none
üòÇ,False,none
ü•≤,False,none
ü§§,False,none
nee abba ,True,mixed_toxicity
naa kodaka,True,mixed_toxicity
hang,True,threatening
execute,True,threatening
slaughter,True,threatening
massacre,True,threatening
abduct,True,threatening
cock,True,sexual_abuse
sucker,True,sexual_abuse
darn,True,profanity_generic
crap,True,profanity_generic
bloody,True,profanity_generic
hell,True,profanity_generic
pissed,True,profanity_generic
screw,True,profanity_generic
damn,True,profanity_generic
bugger,True,profanity_generic
bollocks,True,profanity_generic
jerk,True,common_insult
fatty,True,harassment_bullying
ugly,True,harassment_bullying
worthless,True,harassment_bullying
get lost,True,harassment_bullying
nobody likes you,True,harassment_bullying
die soon,True,harassment_bullying
‡∞Æ‡±Ü‡∞Ç‡∞ü‡∞≤‡±ã‡∞°,True,common_insult
‡∞™‡∞ø‡∞ö‡±ç‡∞ö‡±ã‡∞°,True,common_insult
‡∞™‡∞ø‡∞ö‡±ç‡∞ö‡∞ø‡∞°‡∞ø,True,common_insult
‡∞™‡∞ø‡∞ö‡±ç‡∞ö‡∞ø,True,common_insult
‡∞¨‡±Å‡∞∞‡±ç‡∞∞‡∞≤‡±á‡∞°‡±Å,True,common_insult
‡∞¨‡±Å‡∞∞‡±ç‡∞∞‡∞≤‡±á‡∞¶‡±Å,True,common_insult
‡∞¨‡±Å‡∞∞‡±ç‡∞∞‡∞§‡∞ï‡±ç‡∞ï‡±Å‡∞µ,True,common_insult
‡∞¨‡±Å‡∞∞‡±ç‡∞∞ ‡∞§‡∞ï‡±ç‡∞ï‡±Å‡∞µ ‡∞é‡∞°‡∞µ‡∞≤‡±Å,True,common_insult
‡∞¨‡±Å‡∞∞‡±ç‡∞∞ ‡∞≤‡±á‡∞®‡∞ø‡∞¶‡∞ø,True,common_insult
‡∞¨‡±Å‡∞∞‡±ç‡∞∞ ‡∞§‡∞ï‡±ç‡∞ï‡±Å‡∞µ‡∞¶‡∞ø,True,common_insult
‡∞ó‡∞æ‡∞°‡∞ø‡∞¶,True,common_insult
‡∞™‡∞Ç‡∞¶‡∞ø,True,common_insult
‡∞ï‡±Å‡∞ï‡±ç‡∞ï,True,common_insult
‡∞ï‡±Å‡∞§‡±á,True,common_insult
‡∞ï‡∞™‡±ç‡∞™ ‡∞ó‡∞æ‡∞°‡±Å,True,common_insult
‡∞§‡±ä‡∞Ç‡∞° ‡∞ó‡∞æ‡∞°‡±Å,True,common_insult
‡∞¶‡±Å‡∞®‡±ç‡∞®‡∞™‡±ã‡∞§,True,common_insult
‡∞™‡∞ø‡∞ö‡±ç‡∞ö‡∞ø ‡∞Æ‡±Å‡∞Ç‡∞°,True,common_insult
‡∞™‡∞ø‡∞ö‡±ç‡∞ö ‡∞®‡∞æ ‡∞ï‡±ä‡∞°‡±Å‡∞ï‡±Å,True,common_insult
‡∞™‡∞ø‡∞ö‡±ç‡∞ö‡∞ø ‡∞®‡∞æ ‡∞¨‡∞ü‡±ç‡∞ü,True,common_insult
‡∞¨‡∞ü‡±ç‡∞ü,True,common_insult
‡∞Æ‡±Ü‡∞Ç‡∞ü‡∞≤‡±ç ‡∞®‡∞æ ‡∞¨‡∞ü‡±ç‡∞ü,True,common_insult
‡∞ì‡∞∏‡±á,True,common_insult
‡∞µ‡±Ü‡∞≤‡∞ø ‡∞Æ‡±Å‡∞¶‡±ç‡∞∞ ‡∞ó‡∞æ‡∞°‡±Å,True,common_insult
‡∞é‡∞≤‡∞ø ‡∞Æ‡±Å‡∞¶‡±ç‡∞∞ ‡∞ó‡∞æ‡∞°‡±Å,True,common_insult
‡∞™‡∞æ‡∞µ‡∞≤ ‡∞ó‡∞æ‡∞°‡±Å,True,common_insult
‡∞Æ‡∞¨‡±ç‡∞¨‡±Å ‡∞ó‡∞æ‡∞°‡±Å,True,common_insult
‡∞¨‡±Å‡∞¶‡±ç‡∞ß‡∞ø‡∞≤‡±á‡∞®‡∞ø ‡∞µ‡∞æ‡∞°‡±Å,True,common_insult
‡∞Æ‡±ä‡∞¶‡±ç‡∞¶‡±Å ‡∞¨‡±Å‡∞∞‡±ç‡∞∞,True,common_insult
‡∞µ‡±Ü‡∞ß‡∞µ,True,common_insult
‡∞ö‡∞≤‡±ç‡∞§‡∞æ,True,common_insult
‡∞ö‡∞ø‡∞≤‡±ç‡∞§‡∞∞,True,common_insult
‡∞¨‡±Ä‡∞¶‡∞æ‡∞ñ‡±ã‡∞∞‡±ç,True,common_insult
‡∞¨‡±á‡∞µ‡∞æ‡∞∞‡±ç‡∞∏‡±ç,True,common_insult
‡∞¨‡±á‡∞µ‡∞ï‡±Ç‡∞´‡±ç,True,common_insult
‡∞≤‡±á‡∞µ‡∞≤‡±á‡∞®‡∞ø ‡∞µ‡∞æ‡∞°‡±Å,True,common_insult
‡∞™‡∞§‡∞ø‡∞µ‡±ç‡∞∞‡∞§,True,common_insult
‡∞Ö‡∞°‡∞Ç‡∞ó‡∞ø,True,common_insult
‡∞ö‡±Ü‡∞ï‡±ç‡∞ï‡∞ó‡∞æ‡∞°‡±Å,True,common_insult
‡∞ö‡±Ü‡∞ï‡±ç‡∞ï ‡∞Æ‡±ä‡∞ï‡∞Ç,True,common_insult
‡∞¨‡∞ø‡∞ö‡±ç‡∞ö‡∞ó‡∞æ‡∞°‡±Å,True,common_insult
‡∞Ö‡∞®‡∞æ‡∞ß,True,common_insult