url,video_id,commenter_id,commenter_name,comment_text,replies,published_at,Toxic_flag,Toxic_type,lang
https://www.youtube.com/watch?v=EuuD_xTVwTM,EuuD_xTVwTM,@VamsiJournalist,@VamsiJournalist,Correct చెప్పావు అన్న ... ప్రజలు ఏదయినా చూస్తారు అని వాళ్ళ అభిప్రాయం,,3 months ago,,,unknown
https://www.youtube.com/watch?v=EuuD_xTVwTM,EuuD_xTVwTM,@upenderracha3341,@upenderracha3341,అంతేలే పనికొచ్చే సినిమాలు ఎవరికీ నచ్చదు. మనకి ఏమైనా స్మగ్లింగ్ దొంగతనం కావాలి,,3 months ago (edited),,,unknown
https://www.youtube.com/watch?v=EuuD_xTVwTM,EuuD_xTVwTM,@pavanentertynement,@pavanentertynement,సమాజానికి ఉపయోగ పడే సినిమాలు అంటున్నారు మరి స్మగిలింగ్ చేసే వాడు హీరో వాడ్ని పట్టుకునే పోలీసు విలన్ అంట మరి ఆ సినిమాని ఎంత పెద్ద హిట్ చేశారు రా బాబు,,3 months ago,,,unknown
https://www.youtube.com/watch?v=EuuD_xTVwTM,EuuD_xTVwTM,@SarathaSaratha-l7i,@SarathaSaratha-l7i,"అందరూ నిజమే చెప్పారు బ్రో
 మేము కూడా చూశాం సినిమా మొదటిరోజు 
 సినిమా ఏం పెద్దగా ఏం బాగోలేదు 
 సినిమాలో రాజకీయం తప్పించి ఏమీ లేదు
 ఇది మాత్రం నిజం బ్రో",,3 months ago,,,unknown
https://www.youtube.com/watch?v=EuuD_xTVwTM,EuuD_xTVwTM,@nani_3333,@nani_3333,️ పుష్పా-2 కి ఫ్లాప్ ఫ్లాప్ అని ఏడ్చారు... సినిమా రిలీజ్ కాకముందే కామెంట్స్ పెట్టారు....ఇప్పుడు మీదే హిట్ చేయలేకపోతున్నారు! అందరు మనవాళ్ళే అందరివీ హిట్ కావాలని కోరుకోండి రా ఎప్పుడైనా!,,3 months ago,,,unknown
https://www.youtube.com/watch?v=EuuD_xTVwTM,EuuD_xTVwTM,@ganeshkishore7599,@ganeshkishore7599,అవును మరి పుష్ప సినిమాలో సభ్య సమాజానికి మంచి మెసేజ్ ఇచ్చాడు,,3 months ago,,,unknown
https://www.youtube.com/watch?v=EuuD_xTVwTM,EuuD_xTVwTM,@Jkkookie8,@Jkkookie8,"( 0:32 ) Correct ae censor board ame chestundhi arjun Reddy ( drug addict, alcoholic) ,pushpa ( sandal mafia ) , kgf ( violence)",,3 months ago,,,unknown
https://www.youtube.com/watch?v=EuuD_xTVwTM,EuuD_xTVwTM,@gandhamsrinu5989,@gandhamsrinu5989,రామ్ చరణ్ అన్న సినిమా గురించి అందరూ బ్యాడ్ కామెంట్ చెబుతున్నారు ఈ సినిమా బాగాలేదు అని ఏదేదో మాట్లాడుతున్నారు మరి పుష్ప టు సినిమాలో ఏముంది మరి సమాజానికి నేర్చుకోవడానికి మా దాని  బ్లాక్బస్టర్ ఎందుకు చేశారు పుష్ప టు కంటే గేమ్ చేంజర్ బెటర్ సినిమా  తీసే వాళ్ళు పిచ్చోళ్ళు కాదన్న సినిమా చూసే వాళ్ళు పిచ్చివాళ్లు ఈరోజుల్లో అందరూ మంచి కంటే చెడుని ఇష్టపడే వాళ్ళు ఎక్కువ ఉన్నారు ఎటు పోతుంది అన్న ఈ సమాజం,,3 months ago (edited),,,unknown
https://www.youtube.com/watch?v=EuuD_xTVwTM,EuuD_xTVwTM,@JaiHanuman-b6h,@JaiHanuman-b6h,Blockbuster movie Anna Nijamga Negative ga matlade vallu Entha Matladina Adi plus a movie ki Because Expectations Low lo petukoni chuste  Baga observe chestaru movie Appudu telusudi Blockbuster Ani,,3 months ago,,,unknown
https://www.youtube.com/watch?v=EuuD_xTVwTM,EuuD_xTVwTM,@VenkatKoranna,@VenkatKoranna,నిజంగానా నాకైతే మెగా ఫ్యామిలీ గా చెప్తున్నా.. సినిమా దీనికన్నా ఆశ్చర్య బెటర్ అనిపించింది,,3 months ago,,,unknown
https://www.youtube.com/watch?v=EuuD_xTVwTM,EuuD_xTVwTM,@sikkoluchinnodu,@sikkoluchinnodu,సినిమా చాలా బాగుంది సమాజంకి ఇలాంటి సినిమాలు చాలా అవసరం,,3 months ago,,,unknown
https://www.youtube.com/watch?v=EuuD_xTVwTM,EuuD_xTVwTM,@rambabud6103,@rambabud6103,గేమ్ చెంజర్ 50 కోట్లు ప్లాప్ అయిపోయింది,,3 months ago,,,unknown
https://www.youtube.com/watch?v=EuuD_xTVwTM,EuuD_xTVwTM,@vamshi_luffy8144,@vamshi_luffy8144,"పోలీసులకు, ప్రభుత్వానికి, ప్రజలకు మనం ఎందుకు విలువ ఇవ్వాలి.. మీ హృదయం నుండి చెప్పండి.. మన దేశం కంటే నీచమైన దేశం మరొకటి లేదని అందరికీ తెలుసు.. భారతదేశం స్కామ్‌లపై నడుస్తుంది.. భారతీయ ప్రజలు పోలీసులను ఎందుకు ద్వేషిస్తారు? మన దేశంలో ప్రతి ప్రభుత్వోద్యోగి మోసాలు చేస్తాడు.. నిజానికి మోసాలు చేయడానికి ప్రభుత్వ ఉద్యోగాలను ఎంచుకుంటారు.. మీరు ఎప్పుడు మారతారు?",,3 months ago,,,unknown
https://www.youtube.com/watch?v=EuuD_xTVwTM,EuuD_xTVwTM,@udaytechvlog,@udaytechvlog,sankranthiki vsthunnm hit pakkaa,,3 months ago,,,unknown
https://www.youtube.com/watch?v=EuuD_xTVwTM,EuuD_xTVwTM,@BNarasimha-b3m,@BNarasimha-b3m,AA,,3 months ago,,,unknown
https://www.youtube.com/watch?v=EuuD_xTVwTM,EuuD_xTVwTM,@raghuramapuri8051,@raghuramapuri8051,"ఐటమ్స్ సాంగ్స్ కావాలి రా మీకు... రాజకీయం రాజ్యాంగం చూపించాడు...
IAS నీ చులకనగా కాదు IAS పవర్ అంటే ఏంటో చూపించాడు..",,3 months ago,,,unknown
https://www.youtube.com/watch?v=EuuD_xTVwTM,EuuD_xTVwTM,@sridharyadav9046,@sridharyadav9046,Nee ధైర్యం,,3 months ago,,,unknown
https://www.youtube.com/watch?v=EuuD_xTVwTM,EuuD_xTVwTM,@y.udaykumarkumar6386,@y.udaykumarkumar6386,JAI Charan anna,,3 months ago,,,unknown
https://www.youtube.com/watch?v=EuuD_xTVwTM,EuuD_xTVwTM,@vasanthgandiboyina356,@vasanthgandiboyina356,చిరంజీవి ఫ్యాన్స్ పవన్ ఫ్యాన్స్ అందరూ కలిసి game changer movie hit cheyandi,,3 months ago,,,unknown
https://www.youtube.com/watch?v=EuuD_xTVwTM,EuuD_xTVwTM,@ShaikAmeerullah-c9m,@ShaikAmeerullah-c9m,బ్లాక్ బస్టర్ మూవీ  రామ్ చరణ్,,3 months ago,,,unknown
https://www.youtube.com/watch?v=EuuD_xTVwTM,EuuD_xTVwTM,@naveenm5372,@naveenm5372,GAME CHANGER Chapter 2 waiting Global fans,,3 months ago,,,unknown
https://www.youtube.com/watch?v=EuuD_xTVwTM,EuuD_xTVwTM,@AZ-jo7bz,@AZ-jo7bz,మరి స్మగ్లింగ్ ని చూపొచ్ఛా,,3 months ago,,,unknown
https://www.youtube.com/watch?v=EuuD_xTVwTM,EuuD_xTVwTM,@tejtrendz,@tejtrendz,ఈ ఫ్లాప్ తో RRR లో మెయిన్ హీరో రామ్ చరణ్ అని తేలిపోయింది. రాజమౌళితో సినిమా తీసిన తర్వాత ఏ హీరో కైనా రెండు మూడు ఫ్లాపులు తప్పవు.,,3 months ago,,,unknown
https://www.youtube.com/watch?v=EuuD_xTVwTM,EuuD_xTVwTM,@nithinsmile357,@nithinsmile357,జై చరణ్ అన్న,,3 months ago,,,unknown
https://www.youtube.com/watch?v=EuuD_xTVwTM,EuuD_xTVwTM,@nagarajuch-em3wh,@nagarajuch-em3wh,Movie bagundhi superb RC ROYAL KING RAMCHARAN always superb person,,3 months ago,,,unknown
https://www.youtube.com/watch?v=EuuD_xTVwTM,EuuD_xTVwTM,@valmikichanel5538,@valmikichanel5538,"I am ram charan fan, but movie very bore",,3 months ago,,,unknown
https://www.youtube.com/watch?v=EuuD_xTVwTM,EuuD_xTVwTM,@prabhakarkanumarlpudi9923,@prabhakarkanumarlpudi9923,సమాజం బాగు కోసం ఎవడు తీయడంలే గాని 50 రూపాయల సినిమాను 500 పెట్టుకుని చూసే మీరు సమాజం గురించి మాట్లాడటం సిగ్గుండాలి 50 రూపాయల సినిమాను ₹1000 పెట్టుకొని చూడడానికి,,3 months ago,,,unknown
https://www.youtube.com/watch?v=EuuD_xTVwTM,EuuD_xTVwTM,@MrVincentmark,@MrVincentmark,"Super గా చెప్పావ్ అన్నా...
సినిమాల లో మెసేజ్ ఉండటం లేదు....",,3 months ago,,,unknown
https://www.youtube.com/watch?v=EuuD_xTVwTM,EuuD_xTVwTM,@gurubasava8018,@gurubasava8018,1st person review is 100% true,,3 months ago,,,unknown
https://www.youtube.com/watch?v=EuuD_xTVwTM,EuuD_xTVwTM,@pavanentertynement,@pavanentertynement,"ఒరేయ్ బాబు సినిమా బాగోక పోతే బోలేదని చెప్పండి రా బాబు అంతే గాని శంకర్ కి కొంచెం వాల్యూ ఇవ్వండి రా బాబు రాజమౌలి కంటే ముందే భారత దేశ సినిమా స్థాయిని ఎక్కడికో తీసుకెళ్ళాడు అలాంటి సినిమాలతో,స్టోరీ కూడా శంకర్ థి కాదు కదా అదే పెద్ద వ్రాంగ్ స్టెప్ అనుకుంటున్న నేను ఇప్పుడు టైం బ్యాడ్ అంతే",,3 months ago (edited),,,unknown
https://www.youtube.com/watch?v=EuuD_xTVwTM,EuuD_xTVwTM,@someliRaju-g2r,@someliRaju-g2r,మీలాంటి వాళ్ళు ఎంత ప్లాప్ చేయాలని అన్నసినిమా హిట్ అవుతుంది,,3 months ago,,,unknown
https://www.youtube.com/watch?v=EuuD_xTVwTM,EuuD_xTVwTM,@chakrageddada5042,@chakrageddada5042,కరెక్ట్ గా చెప్పారు బ్రదర్,,3 months ago,,,unknown
https://www.youtube.com/watch?v=EuuD_xTVwTM,EuuD_xTVwTM,@abhiramsatya1,@abhiramsatya1,Cinemas nundi entertainment expect cheyyandi.. Society ki messagr lanti vishayalu matladakandi..,,3 months ago,,,unknown
https://www.youtube.com/watch?v=EuuD_xTVwTM,EuuD_xTVwTM,@bunnykrish1305,@bunnykrish1305,Mega fans leputharu ga am parledhu,,3 months ago,,,unknown
https://www.youtube.com/watch?v=EuuD_xTVwTM,EuuD_xTVwTM,@GBhaskar-g149dy,@GBhaskar-g149dy,ఫ్లాప్ మూవీ ఏమి బాగా లేదు ఇప్పుడే చూశాము,,3 months ago,,,unknown
https://www.youtube.com/watch?v=EuuD_xTVwTM,EuuD_xTVwTM,@Login_password1,@Login_password1,Global star to local star,,3 months ago,,,unknown
https://www.youtube.com/watch?v=EuuD_xTVwTM,EuuD_xTVwTM,@basavarajaniluvanji5502,@basavarajaniluvanji5502,Karnataka fans RC Blockbuster movie,,3 months ago,,,unknown
https://www.youtube.com/watch?v=EuuD_xTVwTM,EuuD_xTVwTM,@srikanth__naik,@srikanth__naik,Game Changer  Game Over,,3 months ago,,,unknown
https://www.youtube.com/watch?v=EuuD_xTVwTM,EuuD_xTVwTM,@AGNIVEERUDU,@AGNIVEERUDU,"Not even Graduate, but in cinema IAS officer. At least youth must realise about their future.",,3 months ago,,,unknown
https://www.youtube.com/watch?v=EuuD_xTVwTM,EuuD_xTVwTM,@pidugujagadeeshanantapur9135,@pidugujagadeeshanantapur9135,"Fast haf bagundi

Second off అట్టర్ ప్లాప్",,3 months ago,,,unknown
https://www.youtube.com/watch?v=EuuD_xTVwTM,EuuD_xTVwTM,@user-thomas-raju,@user-thomas-raju,బాబాయ్ అబ్బాయిలు రాజకీయాలమీద సినిమాలు తీస్తున్నారు బాబాయ్ కూడా రాజకీయంలోకి వచ్చేస్తారు,,3 months ago,,,unknown
https://www.youtube.com/watch?v=EuuD_xTVwTM,EuuD_xTVwTM,@srinivassatti8884,@srinivassatti8884,Superb ram shankar movie,,3 months ago,,,unknown
https://www.youtube.com/watch?v=EuuD_xTVwTM,EuuD_xTVwTM,@Premvideoediter-k1p,@Premvideoediter-k1p,"పాయె గేమ్ చేంజర్. కోయరా కోయ కోయ్, కోయ్ కోయ్ ️",,3 months ago,,,unknown
https://www.youtube.com/watch?v=EuuD_xTVwTM,EuuD_xTVwTM,@explorewithsudheer529,@explorewithsudheer529,భయ్యా విడి వీడియోస్ నమ్మకండి వీడు అందరు బాలేదన్న వాళ్ళవి మాత్రం ఎడిట్ చేసి పెట్టుకున్నాడు బాగుంది అన్న వాళ్ళవి కట్ చేశాడు. కావాలంటే మీరు వీడియో క్లారిటీగా చూడండి మీకే అర్థమవుతుంది,,3 months ago,,,unknown
https://www.youtube.com/watch?v=EuuD_xTVwTM,EuuD_xTVwTM,@Xdr-Eliteclan,@Xdr-Eliteclan,"So guys me children ki pushpa 2 chupinchi manchi red chandanam smuggler ni cheyandi elanti niti galla ias lanti bochhulo movies chupinchi chedadengakandi
Okavela mi pillalu perigaka,me pillala friends kani me pakinti valu kani a ias officers oh leka pote government job o chestunte,mimalni me pillalu mummy and dady mamalni smugglers laga enduku chesaru vadi laga ias respect kavali nanu enduku chadvipiyale ante,mere okate dialogue chepandi valaki
Smuggler evarki Ni yavva ""Taggedele""
""Mana brand international""
Good message chala baguntadi",,3 months ago (edited),,,unknown
https://www.youtube.com/watch?v=EuuD_xTVwTM,EuuD_xTVwTM,@danielchima9316,@danielchima9316,Edhi ramcharan gari Game changer,,3 months ago,,,unknown
https://www.youtube.com/watch?v=EuuD_xTVwTM,EuuD_xTVwTM,@srinivasaraos-rx6ec,@srinivasaraos-rx6ec,ఎన్టీఆర్ జై దేవర..... అన్న ఎన్టీఆర్ RRR మేము,,3 months ago,,,unknown
https://www.youtube.com/watch?v=EuuD_xTVwTM,EuuD_xTVwTM,@sreebabu4248,@sreebabu4248,Movie blockbuster,,3 months ago,,,unknown
https://www.youtube.com/watch?v=EuuD_xTVwTM,EuuD_xTVwTM,@ns200edit,@ns200edit,PUSHPA GADI RULEUUUU.... RAPPA RAPPA,,3 months ago,,,unknown
https://www.youtube.com/watch?v=EuuD_xTVwTM,EuuD_xTVwTM,@naatutrolls12,@naatutrolls12,గ్లోబల్ జోకర్,,3 months ago,,,unknown
https://www.youtube.com/watch?v=EuuD_xTVwTM,EuuD_xTVwTM,@RamPC150,@RamPC150,"Puspa movie samajanni udharinchela thesaru mari,",,3 months ago,,,unknown
https://www.youtube.com/watch?v=EuuD_xTVwTM,EuuD_xTVwTM,@kotesunil7834,@kotesunil7834,Daaku maharaj  movie best,,3 months ago,,,unknown
https://www.youtube.com/watch?v=EuuD_xTVwTM,EuuD_xTVwTM,@FullEntertainmentbro...,@FullEntertainmentbro...,Correct. Genuine,,3 months ago,,,unknown
https://www.youtube.com/watch?v=EuuD_xTVwTM,EuuD_xTVwTM,@celebritiesworld-TV,@celebritiesworld-TV,Movie block buster,,3 months ago,,,unknown
https://www.youtube.com/watch?v=EuuD_xTVwTM,EuuD_xTVwTM,@beindian7287,@beindian7287,"2 గంటల 30 నిమిషాల కల్పిత కధను టికెట్ కొని చూసి దానిలో వున్న పాత్రలను నిజమైనవిగా  భ్రమపడి ""హీరోలు"" అంటున్న నేటి యువత వాస్తవాలను గ్రహించాలి.

రియల్ హీరోలు ఎవరు. 
నకిలీ హీరోలు ఎవరు.

జన్మనిచ్చిన అమ్మ రియల్ హీరో,
జీవితాన్నిచ్చిన నాన్న రియల్ హీరో.

రెక్కలు ముక్కలు చేసుకొని పంటలు పండించి ఆకలి తీరుస్తున్న రైతన్న హీరో, 

భార్య బిడ్డలను వదిలి కొండ కొనల్లో ఉంటూ దేశానికి రక్షణ ఇచ్చే జవాన్ హీరో, 

నిత్యం నేర్చుకుంటు పాఠాలు చెప్పే గురువు హీరో, 

ఎన్ని కష్టాలు వచ్చిన భరిస్తూ కుటుంబ బాధ్యతలు మోసే కుటుంబ పెద్ద హీరో,

ధర్మం, న్యాయం కోసం ప్రలోభాలకు లొంగకుండా పోరాడే  వృత్తి నిపుణులు 
నిజమైన హీరోలు.

ఎటువంటి ప్రతిఫలం ఆచించకుండా ప్రకృతి రక్షణ కోసం, సమాజం హితం కోసం పాటుపడే నిస్వార్థ సేవకులు నిజమైన హీరోలు.

నకిలీ, డూప్లికేట్, కల్పిత, తెర మీది హీరోల గురించి పరిశీలిద్దాం.

తాత్కాలిక మేకప్ వేసుకొని,
డమ్మీ గన్నులు, పిస్తోళ్ళు పట్టుకొని
ధర్మకోల్ బొమ్మలు ఎత్తుకొని
బిల్డప్లు ఇచ్చే సినిమా నటులు హీరోలు కాదు.
వారు కేవలం జస్ట్ యాక్టర్స్ (నటులు) మాత్రమే.

మాటలు వాళ్ళవి కావు ,
ఫైట్ వాళ్ళది కాదు,
జుట్టు వారిది కాదు, 
పాట వాళ్ళది కాదు, 
కధ వాళ్ళది కాదు, 
డైరెక్షన్ వాళ్ళది కాదు, 
సినిమా ఖర్చు (నిర్మాత ) వాళ్ళది కాదు.

జస్ట్ 2 గంటల30నిముషాలు తెర మీద కనిపించి
డబ్బులు తీసుకునే కొనే సాధారణ వ్యక్తులు సినిమా పాత్రాల్లోని నటులు .

కల్పిత, నట జీవితాలు కాబట్టే... వ్యక్తిగతంగా చిన్న సమస్యలు వచ్చినా పరిష్కారం చేసుకోలేని దుస్థితి సినిమా నటులది.

అంతే కాదు..... క్రమశిక్షణ లేని జీవితాల కారణంగా.
డ్రగ్స్ కేసుల్లో, చీటింగ్ కేసుల్లో, తీవ్ర అనారోగ్య సమస్యల్లో అనేక మంది నటులు చిక్కుకుని సతమతం అవుతున్నారు.

వీళ్ళకోసమా.
విద్యార్థులు, యువకులు గుడ్డలు చింపుకొనేది.
వీళ్ళకోసమా కష్టపడి సంపాదించిన సొమ్మును ఖర్చుచేసేది.
వీళ్ళకోసమా తొక్కిసలాటల్లో కొట్టుకు చచ్చేది.
వీళ్ళకోసమా ఫ్యాన్స్ పేరిట గొడవ పడి ప్రాణాలు తీసుకొనేది.

దేశం కోసం, ధర్మం కోసం ప్రాణాలిస్తే 
నిజమైన హీరోలు అంటారు.

సినిమా నటుల కోసం చస్తే 
జీరోలు అవుతాం.

నిజాలు తెలుసుకోండి.
మారండి.
సినిమాలను సినిమాల్లాగానే చూడండి, మర్చిపోండి.️️️️️️",,3 months ago,,,unknown
https://www.youtube.com/watch?v=EuuD_xTVwTM,EuuD_xTVwTM,@iconstar631,@iconstar631,Pavan fan's kalyan fan's movie nii hit cheyandi ra babu,,3 months ago,,,unknown
https://www.youtube.com/watch?v=EuuD_xTVwTM,EuuD_xTVwTM,@bandusomesh2119,@bandusomesh2119,సూపర్ గా చెప్పావు అన్న,,3 months ago,,,unknown
https://www.youtube.com/watch?v=EuuD_xTVwTM,EuuD_xTVwTM,@ChintuNennu,@ChintuNennu,"Attitude ledhu movie lo adhi challu 

Pichi content less puspa movie chuse dunkiri egga",,3 months ago,,,unknown
https://www.youtube.com/watch?v=EuuD_xTVwTM,EuuD_xTVwTM,@nvgkn,@nvgkn,Cinema chaaalaaaa bagundhi,,3 months ago,,,unknown
https://www.youtube.com/watch?v=EuuD_xTVwTM,EuuD_xTVwTM,@Ayanmultimovemaker,@Ayanmultimovemaker,Movie super brother,,3 months ago,,,unknown
https://www.youtube.com/watch?v=EuuD_xTVwTM,EuuD_xTVwTM,@srinusrinivas647,@srinusrinivas647,వాడు వీడు అంటున్నవ్ ఏందిర్రా బామ్మర్ది,,3 months ago,,,unknown
https://www.youtube.com/watch?v=EuuD_xTVwTM,EuuD_xTVwTM,@Amithyd0067,@Amithyd0067,"Movie bagundi
 Super ga undi  . Just watched",,3 months ago,,,unknown
https://www.youtube.com/watch?v=EuuD_xTVwTM,EuuD_xTVwTM,@shaikkhajarahman3718,@shaikkhajarahman3718,"You removed those yellow colour shirt comments, apart from him what others said is absolutely true",,3 months ago,,,unknown
https://www.youtube.com/watch?v=EuuD_xTVwTM,EuuD_xTVwTM,@KK-os8cd,@KK-os8cd,గ్లోబల్ స్టార్...పేరు కోనేయడం అనుకున్నారేమో...,,3 months ago,,,unknown
https://www.youtube.com/watch?v=EuuD_xTVwTM,EuuD_xTVwTM,@VenkataramanaMata,@VenkataramanaMata,Super anna,,3 months ago,,,unknown
https://www.youtube.com/watch?v=EuuD_xTVwTM,EuuD_xTVwTM,@krishnaveni4559,@krishnaveni4559,"It's not a game changer 
It's a career in danger 
Game over 
Buildup family",,3 months ago,,,unknown
https://www.youtube.com/watch?v=EuuD_xTVwTM,EuuD_xTVwTM,@SunilRaj-bo2cg,@SunilRaj-bo2cg,movie is blockbuster   love from odisha,,3 months ago,,,unknown
https://www.youtube.com/watch?v=EuuD_xTVwTM,EuuD_xTVwTM,@explorewithsudheer529,@explorewithsudheer529,అది నువ్వు పక్క ఈ సినిమా మీద ఏదో పగబెట్టుకొని ఈ వీడియో ఎడిట్ చేసావ్ రా లేదంటే ఈ వీడియో ఈ ఇద్దరు మాట్లాడిన తర్వాత ఇంకా ఎంతమంది బాగుందన్నారు అది ఎందుకు పెట్టలేదు రా నువ్వు? నేను అంతా నీ పక్కనే ఉన్నాను,,3 months ago,,,unknown
https://www.youtube.com/watch?v=EuuD_xTVwTM,EuuD_xTVwTM,@ShaikAmeerullah-c9m,@ShaikAmeerullah-c9m,Game Changer  బ్లాక్ బస్టర్ మూవీ,,3 months ago,,,unknown
https://www.youtube.com/watch?v=EuuD_xTVwTM,EuuD_xTVwTM,@krishnavaishnavam5844,@krishnavaishnavam5844,"Game changer kaadu
Game danger cinima 
Jhandoobhaam",,3 months ago,,,unknown
https://www.youtube.com/watch?v=EuuD_xTVwTM,EuuD_xTVwTM,@venkatsaikumarpolasi890,@venkatsaikumarpolasi890,అందుకే రివ్యూ చూసి కొన్ని రోజులు wait chesi movie ki వెళ్ళాలి,,3 months ago,,,unknown
https://www.youtube.com/watch?v=EuuD_xTVwTM,EuuD_xTVwTM,@truecitizen4532,@truecitizen4532,తెలుగు ప్రేక్షకుల వల్ల కాకుండా నార్త్ ఇండియా వల్లే పుష్ప విజయం సాధించింది. తెలుగు ప్రేక్షకులు మంచి సినిమాలను ఆదరించలేరు. గేమ్ ఛేంజర్ ఒక పర్ఫెక్ట్ సినిమా.. కానీ తెలుగు సినిమా ప్రేమికులు నిజమైన ఇడియట్స్ మరియు దేవుడి సినిమాలను ఎప్పటికీ అర్థం చేసుకోరు/సపోర్ట్ చేయరు... భవిష్యత్ చిత్రాలకు చెడు భవిష్యత్తు... ఈ ఇడియట్స్ వల్ల దర్శకులు పెద్దగా డబ్బు పెట్టుబడి పెట్టరు... తెలుగు ప్రేక్షకులు చాలా వరకు విభజించబడ్డారు!!!,,3 months ago,,,unknown
https://www.youtube.com/watch?v=EuuD_xTVwTM,EuuD_xTVwTM,@kesav4u,@kesav4u,Movie ni movie gaa chuudalenappudu endukocharu movie ki,,3 months ago,,,unknown
https://www.youtube.com/watch?v=EuuD_xTVwTM,EuuD_xTVwTM,@sarvanthulasi8581,@sarvanthulasi8581,.... Good STORY IS STRENGTH..Creat Good writers and pay them well.... . Moral of story bitter truth... Dil Raju Anna heart జాగ్రత్త ... Love your  some good movies ..Miss that old young producer mindset... Shankar garu friends circle మార్చండి,,3 months ago,,,unknown
https://www.youtube.com/watch?v=EuuD_xTVwTM,EuuD_xTVwTM,@rakeshraki2029,@rakeshraki2029,ఈ సినిమాతో శంకరు రిటైర్డ్ అయిపోతాడు ఇంకా రామ్ చరణ్ అయితే Apollo hospital  లో క్యాష్ కౌంటర్లో ఉండేవాడిని పనిలో నుంచి తీసేసి ఇంకా ఈయన కూర్చోవాల్సిందే,,3 months ago,,,unknown
https://www.youtube.com/watch?v=EuuD_xTVwTM,EuuD_xTVwTM,@ksuryarao2372,@ksuryarao2372,"Good saying 
Thank you
Bhaiah",,3 months ago,,,unknown
https://www.youtube.com/watch?v=EuuD_xTVwTM,EuuD_xTVwTM,@Pandu12564,@Pandu12564,మెగా పాలేర్లు ఇప్పటికైనా మారండి. మనం ఇతరులకు ఏది ఇస్తే మనకు అదే తిరిగివస్తుంది. పుష్ప ని ఏ విధంగా ఇబ్బంది పెట్టార్రా మీరు.... ఇపుడు మీ గేమ్ ఓవర్ సినిమా పరీస్థితి ఇది,,3 months ago,,,unknown
https://www.youtube.com/watch?v=EuuD_xTVwTM,EuuD_xTVwTM,@nenavathganesh9146,@nenavathganesh9146,Right bro,,3 months ago,,,unknown
https://www.youtube.com/watch?v=EuuD_xTVwTM,EuuD_xTVwTM,@chandradu152,@chandradu152,Director thappu kadhu hero dhi Kathaa story selection worst,,3 months ago,,,unknown
https://www.youtube.com/watch?v=EuuD_xTVwTM,EuuD_xTVwTM,@gnanesh485,@gnanesh485,Super anna,,3 months ago,,,unknown
https://www.youtube.com/watch?v=EuuD_xTVwTM,EuuD_xTVwTM,@harikrishna5666,@harikrishna5666,"Pushpa 2 devara guntur karama ni flop ani target chesaru mega family fans
Now karma returns to mega family fans",,3 months ago,,,unknown
https://www.youtube.com/watch?v=EuuD_xTVwTM,EuuD_xTVwTM,@200kwid,@200kwid,pushpa movie evadoo chudakunte flop avthadhi anta mari eh movie rooju chusi blockbuster chestharu,,3 months ago,,,unknown
https://www.youtube.com/watch?v=EuuD_xTVwTM,EuuD_xTVwTM,@dadigovardhan2276,@dadigovardhan2276,Venky bala krishna hit kotadathaaru,,3 months ago,,,unknown
https://www.youtube.com/watch?v=EuuD_xTVwTM,EuuD_xTVwTM,@SoniAnuhya,@SoniAnuhya,Game-changer movie chala bagundi,,3 months ago,,,unknown
https://www.youtube.com/watch?v=EuuD_xTVwTM,EuuD_xTVwTM,@PawanKalyan244,@PawanKalyan244,సినిమా చూసా ఇది ఒక బొక్కలో సినిమా అని తెలిసింది దయచేసి ఈ సినిమా ఒక్క సారి అయినా చూడండి లేదంటే సినిమా తీసినా వాడు బిచ్చం ఎత్తుకుంటాడు,,3 months ago,,,unknown
https://www.youtube.com/watch?v=EuuD_xTVwTM,EuuD_xTVwTM,@MalladiSriramkumar,@MalladiSriramkumar,అన్న సినిమా కొంచెం mixed టాక్ వచ్చింది అది పక్కన పెట్టేదాం.... మాట్లాడుతున్నాడే వాడుకు చెబుతున్న ఒరేయ్ పుష్ప మీకు ఎలా నచ్చింద్ర పోలీస్ నీ అంతలా ఆవుమానించి ఉచ్చ తగిపించి దొంగోడికి మంచి బిరుదులు ఇచ్చి ఏంటవి అది మంచి సినిమా మీలాంటి పిచ్చి నా కొడుకులు ఉన్నంత వరకు మన తెలుగు రాష్ట్రాలు ఇలానే ఉంటాయ్ జై బాలయ్య.... మూవీ చూసి ఆనందించాలి అంతే నచ్చితే నవ్వు లేకుంటే ఏడ్చు నీ ఒక్కడి గురించి ఐతే ఈ మూవీ తియ్యలేదు,,3 months ago,,,unknown
https://www.youtube.com/watch?v=EuuD_xTVwTM,EuuD_xTVwTM,@MuammerSenay,@MuammerSenay,Fair betting and good odds on 4rabet. Winnings come easy and fair.,,3 months ago,,,unknown
https://www.youtube.com/watch?v=EuuD_xTVwTM,EuuD_xTVwTM,@seeribabu4522,@seeribabu4522,Flop cinema flop cinema flop cinema flop cinema,,3 months ago,,,unknown
https://www.youtube.com/watch?v=EuuD_xTVwTM,EuuD_xTVwTM,@RavinderRajGuru,@RavinderRajGuru,Utter flopp... First half nunche lechi vachestunnaru,,3 months ago,,,unknown
https://www.youtube.com/watch?v=EuuD_xTVwTM,EuuD_xTVwTM,@rahulmenda3699,@rahulmenda3699,I thought the first guy was speaking truth until he said ram Charan acting is bad. Ram Charan acting is best in this movie,,3 months ago,,,unknown
https://www.youtube.com/watch?v=EuuD_xTVwTM,EuuD_xTVwTM,@vasuborra7656,@vasuborra7656,Plastic surgery  moham ramcharan gadi fans here,,3 months ago,,,unknown
https://www.youtube.com/watch?v=EuuD_xTVwTM,EuuD_xTVwTM,@VenkatAmbati-be1br,@VenkatAmbati-be1br,Movie blockbuster,,3 months ago,,,unknown
https://www.youtube.com/watch?v=EuuD_xTVwTM,EuuD_xTVwTM,@varmascombo,@varmascombo,"ఇప్పుడు తెలుస్తుంది మీకు అల్లు అర్జున్, ప్రభాస్, ఎన్టీఆర్, ఎంబి ఫ్యాన్స్ విలువెంటో , దూల దిరింద్ది మెగా ఫ్యాన్స్ కు, ఈ దెబ్బతో అహం దిగిపోవాలి... జై జై అల్లు అర్జున్....",,3 months ago,,,unknown
https://www.youtube.com/watch?v=EuuD_xTVwTM,EuuD_xTVwTM,@ksranjinailu5448,@ksranjinailu5448,సీజ్ ది గేమ్ ఛేంజర్ మూవీ.,,3 months ago,,,unknown
https://www.youtube.com/watch?v=EuuD_xTVwTM,EuuD_xTVwTM,@vinayakraopasunuru3520,@vinayakraopasunuru3520,"EXPECTED, PREDICTED AND BECAME TRUE",,3 months ago,,,unknown
https://www.youtube.com/watch?v=EuuD_xTVwTM,EuuD_xTVwTM,@nareshtuppaki3552,@nareshtuppaki3552,Pushpa yem chusavu yenduku band cheya ledu,,3 months ago,,,unknown
https://www.youtube.com/watch?v=EuuD_xTVwTM,EuuD_xTVwTM,@AngelitaGreenlee,@AngelitaGreenlee,Yeaaah BeTting on f0urRabet can be fun but the REcalcuLATIONS are so unpredictable makes it stressful,,3 months ago,,,unknown
https://www.youtube.com/watch?v=EuuD_xTVwTM,EuuD_xTVwTM,@karnradhe6750,@karnradhe6750,Pushpa move thisinappudu em pikinav raa mari appudu rale mari.,,3 months ago,,,unknown
https://www.youtube.com/watch?v=EuuD_xTVwTM,EuuD_xTVwTM,@SanjayBhargavi,@SanjayBhargavi,Super anna,,3 months ago,,,unknown
https://www.youtube.com/watch?v=EuuD_xTVwTM,EuuD_xTVwTM,@Gopiyadav190,@Gopiyadav190,గేమ్ ఛేంజర్ రొటీన్ స్టోరీ స్క్రీన్ ప్లే మరియు డైరెక్షన్ సూపర్ కానీ హీరో నటన చెత్త పాటలు చెత్త ఫ్లాప్ సినిమా 1/5 నా సమీక్ష,,3 months ago,,,unknown
