‡∞®‡∞Æ‡∞∏‡±ç‡∞§‡±á,False
‡∞ß‡∞®‡±ç‡∞Ø‡∞µ‡∞æ‡∞¶‡∞æ‡∞≤‡±Å,False
‡∞∏‡∞Ç‡∞§‡±ã‡∞∑‡∞Ç,False
‡∞™‡±ç‡∞∞‡±á‡∞Æ,False
‡∞Æ‡∞®‡∞∏‡±Å,False
‡∞Ü‡∞®‡∞Ç‡∞¶‡∞Ç,False
‡∞∂‡∞æ‡∞Ç‡∞§‡∞ø,False
‡∞¨‡∞Ç‡∞ß‡∞Ç,False
‡∞µ‡∞ø‡∞®‡∞Ø‡∞Ç,False
‡∞∏‡±ç‡∞®‡±á‡∞π‡∞Ç,False
‡∞¨‡∞æ‡∞µ‡±ä‡∞ö‡±ç‡∞ö‡±Å,False
‡∞Æ‡∞®‡∞Ç,False
‡∞§‡∞ø‡∞®‡∞Ç‡∞°‡∞ø,False
‡∞ö‡∞¶‡±Å‡∞µ‡±Å,False
‡∞™‡∞æ‡∞†‡∞∂‡∞æ‡∞≤,False
‡∞ó‡±Å‡∞∞‡±Å‡∞µ‡±Å,False
‡∞µ‡∞ø‡∞¶‡±ç‡∞Ø,False
‡∞∏‡∞§‡±ç‡∞Ø‡∞Ç,False
‡∞ß‡∞∞‡±ç‡∞Æ‡∞Ç,False
‡∞Ü‡∞∞‡∞æ‡∞ß‡∞®,False
‡∞¶‡∞Ø,False
‡∞Æ‡∞Ç‡∞ö‡∞ø‡∞§‡∞®‡∞Æ‡±Å,False
‡∞Æ‡∞æ‡∞§‡±É‡∞≠‡±Ç‡∞Æ‡∞ø,False
‡∞≠‡∞æ‡∞∑,False
‡∞™‡±Ü‡∞¶‡±ç‡∞¶‡∞≤‡±Å,False
‡∞ï‡±Å‡∞ü‡±Å‡∞Ç‡∞¨‡∞Ç,False
‡∞ö‡±Ü‡∞≤‡±ç‡∞≤‡∞ø,False
‡∞Ö‡∞ï‡±ç‡∞ï,False
‡∞Æ‡∞ø‡∞§‡±ç‡∞∞‡±Å‡∞°‡±Å,False
‡∞Ö‡∞®‡±ç‡∞®‡∞Ç,False
‡∞®‡±Ä‡∞≥‡±ç‡∞≤‡±Å,False
‡∞ö‡±Ü‡∞ü‡±ç‡∞ü‡±Å,False
‡∞ï‡∞≤,False
‡∞¶‡∞æ‡∞∞‡∞ø,False
‡∞∏‡∞π‡∞æ‡∞Ø‡∞Ç,False
‡∞â‡∞™‡∞ï‡∞æ‡∞∞‡∞Ç,False
‡∞ï‡∞≤‡∞ø‡∞∏‡∞ø‡∞Æ‡±Ü‡∞≤‡∞ø‡∞∏‡∞ø,False
‡∞Æ‡∞æ‡∞ü,False
‡∞ö‡∞ø‡∞∞‡±Å‡∞®‡∞µ‡±ç‡∞µ‡±Å,False
‡∞®‡∞µ‡±ç‡∞µ‡±Å,False
‡∞ï‡∞≤‡∞ø‡∞∏‡∞ø‡∞ï‡∞ü‡±ç‡∞ü‡±Å‡∞ó‡∞æ,False
‡∞™‡∞®‡∞ø,False
‡∞ö‡∞æ‡∞ï‡∞ö‡∞ï‡±ç‡∞Ø‡∞Ç‡∞ó‡∞æ,False
‡∞∏‡∞Æ‡∞Ø‡∞Ç,False
‡∞µ‡±Ü‡∞®‡±ç‡∞®‡±Ü‡∞≤,False
‡∞§‡±Ü‡∞≤‡±Å‡∞ó‡±Å,False
‡∞™‡±Å‡∞∏‡±ç‡∞§‡∞ï‡∞Ç,False
‡∞ï‡∞≤‡∞æ‡∞≤‡±Å,False
‡∞∏‡±ç‡∞µ‡∞™‡±ç‡∞®‡∞Ç,False
‡∞™‡∞æ‡∞ü,False
‡∞∏‡∞ø‡∞®‡∞ø‡∞Æ‡∞æ,False
‡∞ï‡∞•,False
‡∞™‡±Å‡∞∏‡±ç‡∞§‡∞ï‡∞æ‡∞≤‡±Å,False
‡∞µ‡∞æ‡∞ï‡±ç‡∞Ø‡∞Ç,False
‡∞™‡∞æ‡∞†‡∞Ç,False
‡∞∏‡∞æ‡∞π‡∞ø‡∞§‡±ç‡∞Ø‡∞Ç,False
‡∞∏‡∞Ç‡∞ó‡±Ä‡∞§‡∞Ç,False
‡∞®‡∞æ‡∞ü‡∞ï‡∞Ç,False
‡∞ï‡∞≥,False
‡∞™‡∞Ç‡∞°‡∞ó,False
‡∞∏‡∞Ç‡∞∏‡±ç‡∞ï‡±É‡∞§‡∞ø,False
‡∞∏‡∞æ‡∞Ç‡∞™‡±ç‡∞∞‡∞¶‡∞æ‡∞Ø‡∞Ç,False
‡∞™‡±ç‡∞∞‡∞ï‡±É‡∞§‡∞ø,False
‡∞Ü‡∞§‡±ç‡∞Æ‡±Ä‡∞Ø‡±Å‡∞°‡±Å,False
‡∞ï‡∞µ‡∞ø‡∞§,False
‡∞∏‡∞Ç‡∞ò‡∞Ç,False
‡∞Ü‡∞π‡∞æ‡∞∞‡∞Ç,False
‡∞™‡∞≤‡±Å‡∞ï‡±Å‡∞¨‡∞°‡∞ø,False
‡∞¨‡±Å‡∞¶‡±ç‡∞ß‡∞ø‡∞Æ‡∞Ç‡∞§‡±Å‡∞°‡±Å,False
‡∞®‡∞Æ‡±ç‡∞∞‡∞Æ‡±à‡∞®,False
‡∞∂‡±Å‡∞≠‡∞æ‡∞ï‡∞æ‡∞Ç‡∞ï‡±ç‡∞∑‡∞≤‡±Å,False
‡∞ï‡∞≤‡±ç‡∞™‡∞®,False
‡∞∂‡±ç‡∞∞‡∞¶‡±ç‡∞ß,False
‡∞™‡±ç‡∞∞‡∞Ø‡∞§‡±ç‡∞®‡∞Ç,False
‡∞Ö‡∞≠‡±ç‡∞Ø‡∞æ‡∞∏‡∞Ç,False
‡∞µ‡∞ø‡∞ú‡∞Ø‡∞Ç,False
‡∞≤‡∞ï‡±ç‡∞∑‡±ç‡∞Ø‡∞Ç,False
‡∞∏‡±ç‡∞´‡±Ç‡∞∞‡±ç‡∞§‡∞ø,False
‡∞â‡∞™‡∞¶‡±á‡∞∂‡∞Ç,False
‡∞™‡±ç‡∞∞‡∞∂‡±ç‡∞®,False
‡∞∏‡∞Æ‡∞æ‡∞ß‡∞æ‡∞®‡∞Ç,False
‡∞Æ‡∞æ‡∞ü‡∞≤‡∞æ‡∞°‡±Å,False
‡∞§‡±Ü‡∞≤‡∞ø‡∞µ‡∞ø,False
‡∞Ü‡∞≤‡±ã‡∞ö‡∞®,False
‡∞∂‡∞ï‡±ç‡∞§‡∞ø,False
‡∞®‡∞æ‡∞Ø‡∞ï‡∞§‡±ç‡∞µ‡∞Ç,False
‡∞™‡±ç‡∞∞‡∞ó‡∞§‡∞ø,False
‡∞ß‡±à‡∞∞‡±ç‡∞Ø‡∞Ç,False
‡∞ì‡∞∞‡±ç‡∞™‡±Å,False
‡∞∏‡∞π‡∞®‡∞Ç,False
‡∞®‡∞Æ‡±ç‡∞Æ‡∞ï‡∞Ç,False
‡∞∏‡±Ç‡∞™‡∞∞‡±ç,False
‡∞ö‡∞æ‡∞≤‡∞æ ‡∞¨‡∞æ‡∞ó‡±Å‡∞Ç‡∞¶‡∞ø,False
‡∞µ‡∞æ‡∞µ‡±ç,False
‡∞¶‡∞Ø‡∞ö‡±á‡∞∏‡∞ø,False
‡∞ö‡∞ø‡∞®‡±ç‡∞®‡∞Æ‡±ç‡∞Æ,False
‡∞Ö‡∞¶‡±ç‡∞≠‡±Å‡∞§‡∞Ç,False
‡∞¶‡±Ä‡∞µ‡±Ü‡∞®‡∞≤‡±Å,False
‡∞™‡∞µ‡∞∞‡±ç‚Äå‡∞´‡±Å‡∞≤‡±ç,False
‡∞∏‡∞Ç‡∞§‡±ã‡∞∑‡∞Ç‡∞ó‡∞æ ‡∞â‡∞Ç‡∞¶‡∞ø,False
‡∞µ‡±Ü‡∞∞‡±Ä ‡∞®‡±à‡∞∏‡±ç,False
‡∞Æ‡∞Ç‡∞ö‡∞ø ‡∞™‡∞®‡∞ø,False
‡∞ö‡∞æ‡∞≤‡∞æ ‡∞π‡±ç‡∞Ø‡∞æ‡∞™‡±Ä,False
‡∞é‡∞µ‡±ç‡∞µ‡∞æ‡∞≤‡∞æ,False
‡∞™‡±ç‡∞Ø‡±Ç‡∞∞‡±ç ‡∞≤‡∞µ‡±ç,False
‡∞∏‡∞ø‡∞Ç‡∞™‡±Å‡∞≤‡±ç‚Äå‡∞ó‡∞æ,False
‡∞ö‡∞ï‡±ç‡∞ï‡∞ó‡∞æ ‡∞â‡∞Ç‡∞¶‡∞ø,False
‡∞∞‡∞ø‡∞Ø‡∞≤‡±ç ‡∞´‡±Ä‡∞≤‡±ç,False
‡∞¨‡∞æ‡∞ó‡∞æ ‡∞â‡∞Ç‡∞¶‡∞ø,False
‡∞ú‡∞Ø‡∞π‡±ã,False
‡∞ó‡∞Æ‡∞®‡∞ø‡∞Ç‡∞ö‡∞Ç‡∞°‡∞ø,False
‡∞ó‡±Å‡∞∞‡±ç‡∞§‡∞ø‡∞Ç‡∞ö‡∞Ç‡∞°‡∞ø,False
‡∞ß‡∞®‡±ç‡∞Ø‡∞Æ‡±à‡∞®,False
‡∞∞‡∞æ‡∞£‡∞ø,False
‡∞ö‡±Å‡∞ü‡±ç‡∞ü‡±Å,False
‡∞á‡∞∑‡±ç‡∞ü‡∞Ç,False
‡∞Æ‡±Ä‡∞§‡±ã ‡∞â‡∞Ç‡∞ü‡∞æ‡∞®‡±Å,False
‡∞∏‡∞π‡∞æ‡∞Ø‡∞Ç ‡∞ö‡±á‡∞Ø‡∞Ç‡∞°‡∞ø,False
‡∞Æ‡±Ä‡∞∞‡±Å ‡∞∂‡∞ï‡±ç‡∞§‡∞ø‡∞µ‡∞Ç‡∞§‡±Å‡∞≤‡±Å,False
‡∞ö‡∞ï‡±ç‡∞ï‡∞ó‡∞æ,False
‡∞´‡±ç‡∞∞‡±Ü‡∞Ç‡∞°‡±ç,False
‡∞≤‡∞µ‡±ç,False
‡∞µ‡∞ø‡∞µ‡∞æ‡∞π‡∞Ç,False
‡∞π‡±ç‡∞Ø‡∞æ‡∞™‡±Ä,False
‡∞≤‡±à‡∞´‡±ç,False
‡∞é‡∞≤‡∞ø‡∞µ‡±á‡∞ü‡±ç,False
‡∞ó‡±Ü‡∞≤‡∞ø‡∞ö‡∞æ‡∞∞‡±Å,False
‡∞Ü‡∞®‡∞Ç‡∞¶‡∞ï‡∞∞‡∞Æ‡±à‡∞®,False
‡∞Æ‡±ã‡∞∏‡∞æ‡∞≤‡±Å,False
‡∞Æ‡∞®‡∞Ç ‡∞ï‡∞≤‡∞ø‡∞∏‡∞ø,False
‡∞Æ‡∞ø‡∞Æ‡±ç‡∞Æ‡∞≤‡±ç‡∞®‡∞ø,False
‡∞ß‡∞®‡±ç‡∞Ø‡∞µ‡∞æ‡∞¶‡∞Æ‡±Å‡∞≤‡±Å,False
‡∞™‡±ã‡∞≤‡±ç‡∞ö‡±Å‡∞ï‡±ã‡∞Ç‡∞°‡∞ø,False
‡∞Ö‡∞≤‡∞∏‡∞ø‡∞™‡±ã‡∞§‡±Å‡∞®‡±ç‡∞®‡∞æ,False
‡∞®‡∞µ‡∞ö‡±à‡∞§‡∞®‡±ç‡∞Ø‡∞Ç,False
‡∞∏‡∞æ‡∞ß‡∞ø‡∞Ç‡∞ö‡∞Ç‡∞°‡∞ø,False
‡∞¶‡±á‡∞µ‡±Å‡∞°‡±Å,False
‡∞¶‡±á‡∞µ‡±Å‡∞°,False
namaste,False
dhanyavaadalu,False
santhosham,False
prema,False
manasu,False
anandam,False
shanti,False
bandham,False
vinayamu,False
snehitham,False
baavocchu,False
neenu,False
manam,False
ame,False
tinandandi,False
chadavu,False
pathashala,False
vidya,False
sathyam,False
dharmam,False
aaradhana,False
daya,False
manchithanam,False
matrubhoomi,False
bhasha,False
peddalu,False
kutumbam,False
chelli,False
mitrudu,False
annam,False
neellu,False
chettu,False
daari,False
sahaayam,False
upakaaram,False
kalisimelisi,False
maat,False
chirunavvu,False
navvu,False
kalisikattuga,False
pani,False
chaakachakyanga,False
samayam,False
vennela,False
pustakam,False
kalaalu,False
swapnam,False
paata,False
cinema,False
katha,False
pustakalu,False
vaakyam,False
paatham,False
saahityam,False
sangeetham,False
natakam,False
pandaga,False
samskruthi,False
saampradayam,False
prakruthi,False
aathmiyudu,False
kavita,False
sangham,False
aaharam,False
palukubadi,False
buddhimantudu,False
namramaina,False
shubhakaankshalu,False
kalpana,False
shraddha,False
prayatnam,False
abhyasam,False
vijayam,False
lakshyam,False
sphoorthi,False
upadesham,False
prashna,False
samaadhaanam,False
maataladu,False
telivi,False
aalochana,False
shakti,False
naayakathvam,False
pragathi,False
dhairyam,False
oorpu,False
sahanam,False
nammakam,False
chaala baagundi,False
vaav,False
dayachesi,False
chinnamma,False
adbhutam,False
deevenalu,False
santhoshanga undi,False
manchi pani,False
chaala happy,False
evvaala,False
simplega,False
chakkaga undi,False
baagundi,False
jayaho,False
gamaninchandi,False
gurtinchandi,False
rani,False
chuttu,False
ishtam,False
meetho untanu,False
sahaayam cheyandi,False
meeru shaktiyanthulu,False
chakkaga,False
vivaham,False
gelicharu,False
anandakaramina,False
mosalu,False
manam kalisi,False
mimmalni,False
dhanyavaadhamulu,False
polchukondi,False
alasipothunna,False
navachaitanyam,False
saadhinchandi,False
devudu,False
hello,False
happiness,False
heart,False
joy,False
peace,False
bond,False
respect,False
friendship,False
can be,False
we,False
you all,False
she,False
give,False
study,False
school,False
teacher,False
knowledge,False
truth,False
duty,False
worship,False
compassion,False
motherland,False
language,False
elders,False
family,False
father,False
sister,False
rice,False
water,False
tree,False
dream,False
path,False
help,False
assistance,False
word,False
smile,False
laugh,False
okay,False
yes,False
work,False
efficiently,False
time,False
moonlight,False
book,False
dreams,False
vision,False
song,False
movie,False
story,False
books,False
sentence,False
lesson,False
literature,False
music,False
play,False
art,False
festival,False
culture,False
tradition,False
nature,False
relative,False
poetry,False
society,False
food,False
speech,False
intelligent,False
polite,False
wishes,False
imagination,False
devotion,False
effort,False
practice,False
goal,False
inspiration,False
teaching,False
question,False
answer,False
conversation,False
wisdom,False
thought,False
strength,False
leadership,False
progress,False
courage,False
patience,False
tolerance,False
trust,False
very good,False
wow,False
please,False
little mother,False
amazing,False
blessings,False
good work,False
very happy,False
simply,False
well done,False
notice,False
remember,False
blessed,False
queen,False
around,False
like,False
i will stay with you,False
help me,False
you are strong,False
marriage,False
you won,False
full of joy,False
cheats,False
we together,False
thanks,False
compare,False
tired,False
new energy,False
succeed,False
god,False
hi,False
gadu,False
thellarlu,False
vunda,False
letha,False
ara,False
golu,False
golilu,False
kapari,False
gorre,False
manishi,False
sambar,False
biddalu,False
gallu,False
andhra,False
telangana,False
oka,False
star,False
actress,False
bazaar,False
bro,False
dude,False
brotha,False
‡∞ó‡∞æ‡∞°‡±Å,False
‡∞∏‡±ç‡∞ü‡∞æ‡∞∞‡±ç,False
‡∞Ö‡∞≠‡∞ø‡∞®‡∞Ø‡∞ï‡∞æ‡∞∞‡∞ø‡∞£‡∞ø,False
‡∞¨‡∞ú‡∞æ‡∞∞‡±ç,False
‡∞§‡±Ü‡∞≤‡±ç‡∞≤‡∞∞‡±ç‡∞≤‡±Å,False
‡∞®‡±á‡∞ö‡±Å‡∞ï‡±Å,False
‡∞µ‡±Å‡∞Ç‡∞°,False
‡∞≤‡±Ü‡∞§,False
‡∞Ö‡∞∞,False
‡∞ó‡±ã‡∞≤‡±Å,False
‡∞ó‡±ã‡∞≤‡∞ø‡∞≤‡±Å,False
‡∞®‡∞®‡±ç‡∞®,False
‡∞ï‡∞æ‡∞™‡∞æ‡∞∞‡∞ø,False
‡∞ï‡∞æ‡∞™‡∞∞‡±ç‡∞≤‡±Å,False
‡∞ó‡±ã‡∞∞‡±Ü,False
‡∞Æ‡∞æ‡∞®‡∞ø‡∞∑‡∞ø,False
‡∞∏‡∞æ‡∞Ç‡∞¨‡∞æ‡∞∞‡±Å,False
‡∞¨‡∞ø‡∞°‡±ç‡∞°‡∞≤‡±Å,False
‡∞ó‡∞≥‡±ç‡∞≥‡±Å,False
‡∞Ü‡∞Ç‡∞ß‡±ç‡∞∞,False
‡∞§‡±Ü‡∞≤‡∞Ç‡∞ó‡∞æ‡∞£,False
‡∞í‡∞ï,False
big,False
huge,False
small,False
fruits,False
vegetables,False
fruit,False
are good,False
are fine,False
we are fine,False
‡∞Æ‡∞Ç‡∞ö‡∞ø‡∞¶‡∞ø,False
‡∞ó‡±ä‡∞™‡±ç‡∞™,False
‡∞™‡±Ü‡∞¶‡±ç‡∞¶,False
‡∞ö‡∞ø‡∞®‡±ç‡∞®,False
‡∞ú‡∞æ‡∞Æ‡∞ï‡∞æ‡∞Ø‡∞≤‡±Å,False
‡∞§‡∞æ‡∞§‡∞ø‡∞ï‡∞æ‡∞Ø‡∞≤‡±Å,False
‡∞™‡∞Ç‡∞°‡±Å,False
‡∞¨‡∞æ‡∞ó‡±Å‡∞Ç‡∞ü‡∞æ‡∞Ø‡∞ø,False
‡∞¨‡∞æ‡∞µ‡±Å‡∞Ç‡∞ü‡∞æ‡∞Ø‡∞ø,False
‡∞¨‡∞æ‡∞ó‡±Å‡∞®‡±ç‡∞®‡∞æ‡∞Æ‡±Å,False
manchidi,False
goppa,False
pedda,False
chinna,False
jamakayalu,False
thatikayalu,False
pandu,False
baguntayi,False
bavuntayi,False
bagunnamu,False
meeru manchi vaaru,False
meedi chala pedda manasu,False
meedi chaala pedda illu,False
mee kallu chala baguntayi,False
dandam ra dhootha,False
salaam namastey,False
mee career best icharu,False
best edit bhayya,False
salaam,False
bhayya,False
thinu,False
mangalavaram,False
cheyyaku,False
ilaney chaduvukondi,False
pillalu chedipothunnaru,False
pillalu padu ayipothunnaru,False
pillalu,False
pilladu,False
gola,False
jagrath,False
em movie abba,False
asal mid lo nunchi povatledu,False
acting super,False
theesta,False
thoolu,False
thokka,False
oke okka chance,False
pettadu,False
em feel undi mowa,False
deenamma em feel vundi bhayya,False
thata vastadey adaragotti pothade,False
adi kuda correct ey kada saar,False
biryani thindam,False
beer tagudm,False
üòÖ,False
ü§£,False
üòÇ,False
ü•≤,False
ü§§,False
nee abba ,True
naa kodaka,True
hang,True
execute,True
slaughter,True
massacre,True
abduct,True
darn,True
crap,True
bloody,True
hell,True
pissed,True
screw,True
damn,True
bugger,True
bollocks,True
jerk,True
fatty,True
ugly,True
worthless,True
get lost,True
nobody likes you,True
die soon,True
‡∞Æ‡±Ü‡∞Ç‡∞ü‡∞≤‡±ã‡∞°,True
‡∞™‡∞ø‡∞ö‡±ç‡∞ö‡±ã‡∞°,True
‡∞™‡∞ø‡∞ö‡±ç‡∞ö‡∞ø‡∞°‡∞ø,True
‡∞™‡∞ø‡∞ö‡±ç‡∞ö‡∞ø,True
‡∞¨‡±Å‡∞∞‡±ç‡∞∞‡∞≤‡±á‡∞°‡±Å,True
‡∞¨‡±Å‡∞∞‡±ç‡∞∞‡∞≤‡±á‡∞¶‡±Å,True
‡∞¨‡±Å‡∞∞‡±ç‡∞∞‡∞§‡∞ï‡±ç‡∞ï‡±Å‡∞µ,True
‡∞¨‡±Å‡∞∞‡±ç‡∞∞ ‡∞§‡∞ï‡±ç‡∞ï‡±Å‡∞µ ‡∞é‡∞°‡∞µ‡∞≤‡±Å,True
‡∞¨‡±Å‡∞∞‡±ç‡∞∞ ‡∞≤‡±á‡∞®‡∞ø‡∞¶‡∞ø,True
‡∞¨‡±Å‡∞∞‡±ç‡∞∞ ‡∞§‡∞ï‡±ç‡∞ï‡±Å‡∞µ‡∞¶‡∞ø,True
‡∞ó‡∞æ‡∞°‡∞ø‡∞¶,True
‡∞™‡∞Ç‡∞¶‡∞ø,True
‡∞ï‡±Å‡∞ï‡±ç‡∞ï,True
‡∞ï‡±Å‡∞§‡±á,True
‡∞ï‡∞™‡±ç‡∞™ ‡∞ó‡∞æ‡∞°‡±Å,True
‡∞§‡±ä‡∞Ç‡∞° ‡∞ó‡∞æ‡∞°‡±Å,True
‡∞¶‡±Å‡∞®‡±ç‡∞®‡∞™‡±ã‡∞§,True
‡∞™‡∞ø‡∞ö‡±ç‡∞ö‡∞ø ‡∞Æ‡±Å‡∞Ç‡∞°,True
‡∞™‡∞ø‡∞ö‡±ç‡∞ö ‡∞®‡∞æ ‡∞ï‡±ä‡∞°‡±Å‡∞ï‡±Å,True
‡∞™‡∞ø‡∞ö‡±ç‡∞ö‡∞ø ‡∞®‡∞æ ‡∞¨‡∞ü‡±ç‡∞ü,True
‡∞¨‡∞ü‡±ç‡∞ü,True
‡∞Æ‡±Ü‡∞Ç‡∞ü‡∞≤‡±ç ‡∞®‡∞æ ‡∞¨‡∞ü‡±ç‡∞ü,True
‡∞ì‡∞∏‡±á,True
‡∞µ‡±Ü‡∞≤‡∞ø ‡∞Æ‡±Å‡∞¶‡±ç‡∞∞ ‡∞ó‡∞æ‡∞°‡±Å,True
‡∞é‡∞≤‡∞ø ‡∞Æ‡±Å‡∞¶‡±ç‡∞∞ ‡∞ó‡∞æ‡∞°‡±Å,True
‡∞™‡∞æ‡∞µ‡∞≤ ‡∞ó‡∞æ‡∞°‡±Å,True
‡∞Æ‡∞¨‡±ç‡∞¨‡±Å ‡∞ó‡∞æ‡∞°‡±Å,True
‡∞¨‡±Å‡∞¶‡±ç‡∞ß‡∞ø‡∞≤‡±á‡∞®‡∞ø ‡∞µ‡∞æ‡∞°‡±Å,True
‡∞Æ‡±ä‡∞¶‡±ç‡∞¶‡±Å ‡∞¨‡±Å‡∞∞‡±ç‡∞∞,True
‡∞µ‡±Ü‡∞ß‡∞µ,True
‡∞ö‡∞≤‡±ç‡∞§‡∞æ,True
‡∞ö‡∞ø‡∞≤‡±ç‡∞§‡∞∞,True
‡∞¨‡±Ä‡∞¶‡∞æ‡∞ñ‡±ã‡∞∞‡±ç,True
‡∞¨‡±á‡∞µ‡∞æ‡∞∞‡±ç‡∞∏‡±ç,True
‡∞¨‡±á‡∞µ‡∞ï‡±Ç‡∞´‡±ç,True
‡∞≤‡±á‡∞µ‡∞≤‡±á‡∞®‡∞ø ‡∞µ‡∞æ‡∞°‡±Å,True
‡∞™‡∞§‡∞ø‡∞µ‡±ç‡∞∞‡∞§,True
‡∞Ö‡∞°‡∞Ç‡∞ó‡∞ø,True
‡∞ö‡±Ü‡∞ï‡±ç‡∞ï‡∞ó‡∞æ‡∞°‡±Å,True
‡∞ö‡±Ü‡∞ï‡±ç‡∞ï ‡∞Æ‡±ä‡∞ï‡∞Ç,True
‡∞¨‡∞ø‡∞ö‡±ç‡∞ö‡∞ó‡∞æ‡∞°‡±Å,True
‡∞Ö‡∞®‡∞æ‡∞ß,True