‡∞®‡∞Æ‡∞∏‡±ç‡∞§‡±á,False,none,telugu
‡∞ß‡∞®‡±ç‡∞Ø‡∞µ‡∞æ‡∞¶‡∞æ‡∞≤‡±Å,False,none,telugu
‡∞∏‡∞Ç‡∞§‡±ã‡∞∑‡∞Ç,False,none,telugu
‡∞™‡±ç‡∞∞‡±á‡∞Æ,False,none,telugu
‡∞Æ‡∞®‡∞∏‡±Å,False,none,telugu
‡∞Ü‡∞®‡∞Ç‡∞¶‡∞Ç,False,none,telugu
‡∞∂‡∞æ‡∞Ç‡∞§‡∞ø,False,none,telugu
‡∞¨‡∞Ç‡∞ß‡∞Ç,False,none,telugu
‡∞µ‡∞ø‡∞®‡∞Ø‡∞Ç,False,none,telugu
‡∞∏‡±ç‡∞®‡±á‡∞π‡∞Ç,False,none,telugu
‡∞¨‡∞æ‡∞µ‡±ä‡∞ö‡±ç‡∞ö‡±Å,False,none,telugu
‡∞Æ‡∞®‡∞Ç,False,none,telugu
‡∞§‡∞ø‡∞®‡∞Ç‡∞°‡∞ø,False,none,telugu
‡∞ö‡∞¶‡±Å‡∞µ‡±Å,False,none,telugu
‡∞™‡∞æ‡∞†‡∞∂‡∞æ‡∞≤,False,none,telugu
‡∞ó‡±Å‡∞∞‡±Å‡∞µ‡±Å,False,none,telugu
‡∞µ‡∞ø‡∞¶‡±ç‡∞Ø,False,none,telugu
‡∞∏‡∞§‡±ç‡∞Ø‡∞Ç,False,none,telugu
‡∞ß‡∞∞‡±ç‡∞Æ‡∞Ç,False,none,telugu
‡∞Ü‡∞∞‡∞æ‡∞ß‡∞®,False,none,telugu
‡∞¶‡∞Ø,False,none,telugu
‡∞Æ‡∞Ç‡∞ö‡∞ø‡∞§‡∞®‡∞Æ‡±Å,False,none,telugu
‡∞Æ‡∞æ‡∞§‡±É‡∞≠‡±Ç‡∞Æ‡∞ø,False,none,telugu
‡∞≠‡∞æ‡∞∑,False,none,telugu
‡∞™‡±Ü‡∞¶‡±ç‡∞¶‡∞≤‡±Å,False,none,telugu
‡∞ï‡±Å‡∞ü‡±Å‡∞Ç‡∞¨‡∞Ç,False,none,telugu
‡∞ö‡±Ü‡∞≤‡±ç‡∞≤‡∞ø,False,none,telugu
‡∞Ö‡∞ï‡±ç‡∞ï,False,none,telugu
‡∞Æ‡∞ø‡∞§‡±ç‡∞∞‡±Å‡∞°‡±Å,False,none,telugu
‡∞Ö‡∞®‡±ç‡∞®‡∞Ç,False,none,telugu
‡∞®‡±Ä‡∞≥‡±ç‡∞≤‡±Å,False,none,telugu
‡∞ö‡±Ü‡∞ü‡±ç‡∞ü‡±Å,False,none,telugu
‡∞ï‡∞≤,False,none,telugu
‡∞¶‡∞æ‡∞∞‡∞ø,False,none,telugu
‡∞∏‡∞π‡∞æ‡∞Ø‡∞Ç,False,none,telugu
‡∞â‡∞™‡∞ï‡∞æ‡∞∞‡∞Ç,False,none,telugu
‡∞ï‡∞≤‡∞ø‡∞∏‡∞ø‡∞Æ‡±Ü‡∞≤‡∞ø‡∞∏‡∞ø,False,none,telugu
‡∞Æ‡∞æ‡∞ü,False,none,telugu
‡∞ö‡∞ø‡∞∞‡±Å‡∞®‡∞µ‡±ç‡∞µ‡±Å,False,none,telugu
‡∞®‡∞µ‡±ç‡∞µ‡±Å,False,none,telugu
‡∞ï‡∞≤‡∞ø‡∞∏‡∞ø‡∞ï‡∞ü‡±ç‡∞ü‡±Å‡∞ó‡∞æ,False,none,telugu
‡∞™‡∞®‡∞ø,False,none,telugu
‡∞ö‡∞æ‡∞ï‡∞ö‡∞ï‡±ç‡∞Ø‡∞Ç‡∞ó‡∞æ,False,none,telugu
‡∞∏‡∞Æ‡∞Ø‡∞Ç,False,none,telugu
‡∞µ‡±Ü‡∞®‡±ç‡∞®‡±Ü‡∞≤,False,none,telugu
‡∞§‡±Ü‡∞≤‡±Å‡∞ó‡±Å,False,none,telugu
‡∞™‡±Å‡∞∏‡±ç‡∞§‡∞ï‡∞Ç,False,none,telugu
‡∞ï‡∞≤‡∞æ‡∞≤‡±Å,False,none,telugu
‡∞∏‡±ç‡∞µ‡∞™‡±ç‡∞®‡∞Ç,False,none,telugu
‡∞™‡∞æ‡∞ü,False,none,telugu
‡∞∏‡∞ø‡∞®‡∞ø‡∞Æ‡∞æ,False,none,telugu
‡∞ï‡∞•,False,none,telugu
‡∞™‡±Å‡∞∏‡±ç‡∞§‡∞ï‡∞æ‡∞≤‡±Å,False,none,telugu
‡∞µ‡∞æ‡∞ï‡±ç‡∞Ø‡∞Ç,False,none,telugu
‡∞™‡∞æ‡∞†‡∞Ç,False,none,telugu
‡∞∏‡∞æ‡∞π‡∞ø‡∞§‡±ç‡∞Ø‡∞Ç,False,none,telugu
‡∞∏‡∞Ç‡∞ó‡±Ä‡∞§‡∞Ç,False,none,telugu
‡∞®‡∞æ‡∞ü‡∞ï‡∞Ç,False,none,telugu
‡∞ï‡∞≥,False,none,telugu
‡∞™‡∞Ç‡∞°‡∞ó,False,none,telugu
‡∞∏‡∞Ç‡∞∏‡±ç‡∞ï‡±É‡∞§‡∞ø,False,none,telugu
‡∞∏‡∞æ‡∞Ç‡∞™‡±ç‡∞∞‡∞¶‡∞æ‡∞Ø‡∞Ç,False,none,telugu
‡∞™‡±ç‡∞∞‡∞ï‡±É‡∞§‡∞ø,False,none,telugu
‡∞Ü‡∞§‡±ç‡∞Æ‡±Ä‡∞Ø‡±Å‡∞°‡±Å,False,none,telugu
‡∞ï‡∞µ‡∞ø‡∞§,False,none,telugu
‡∞∏‡∞Ç‡∞ò‡∞Ç,False,none,telugu
‡∞Ü‡∞π‡∞æ‡∞∞‡∞Ç,False,none,telugu
‡∞™‡∞≤‡±Å‡∞ï‡±Å‡∞¨‡∞°‡∞ø,False,none,telugu
‡∞¨‡±Å‡∞¶‡±ç‡∞ß‡∞ø‡∞Æ‡∞Ç‡∞§‡±Å‡∞°‡±Å,False,none,telugu
‡∞®‡∞Æ‡±ç‡∞∞‡∞Æ‡±à‡∞®,False,none,telugu
‡∞∂‡±Å‡∞≠‡∞æ‡∞ï‡∞æ‡∞Ç‡∞ï‡±ç‡∞∑‡∞≤‡±Å,False,none,telugu
‡∞ï‡∞≤‡±ç‡∞™‡∞®,False,none,telugu
‡∞∂‡±ç‡∞∞‡∞¶‡±ç‡∞ß,False,none,telugu
‡∞™‡±ç‡∞∞‡∞Ø‡∞§‡±ç‡∞®‡∞Ç,False,none,telugu
‡∞Ö‡∞≠‡±ç‡∞Ø‡∞æ‡∞∏‡∞Ç,False,none,telugu
‡∞µ‡∞ø‡∞ú‡∞Ø‡∞Ç,False,none,telugu
‡∞≤‡∞ï‡±ç‡∞∑‡±ç‡∞Ø‡∞Ç,False,none,telugu
‡∞∏‡±ç‡∞´‡±Ç‡∞∞‡±ç‡∞§‡∞ø,False,none,telugu
‡∞â‡∞™‡∞¶‡±á‡∞∂‡∞Ç,False,none,telugu
‡∞™‡±ç‡∞∞‡∞∂‡±ç‡∞®,False,none,telugu
‡∞∏‡∞Æ‡∞æ‡∞ß‡∞æ‡∞®‡∞Ç,False,none,telugu
‡∞Æ‡∞æ‡∞ü‡∞≤‡∞æ‡∞°‡±Å,False,none,telugu
‡∞§‡±Ü‡∞≤‡∞ø‡∞µ‡∞ø,False,none,telugu
‡∞Ü‡∞≤‡±ã‡∞ö‡∞®,False,none,telugu
‡∞∂‡∞ï‡±ç‡∞§‡∞ø,False,none,telugu
‡∞®‡∞æ‡∞Ø‡∞ï‡∞§‡±ç‡∞µ‡∞Ç,False,none,telugu
‡∞™‡±ç‡∞∞‡∞ó‡∞§‡∞ø,False,none,telugu
‡∞ß‡±à‡∞∞‡±ç‡∞Ø‡∞Ç,False,none,telugu
‡∞ì‡∞∞‡±ç‡∞™‡±Å,False,none,telugu
‡∞∏‡∞π‡∞®‡∞Ç,False,none,telugu
‡∞®‡∞Æ‡±ç‡∞Æ‡∞ï‡∞Ç,False,none,telugu
‡∞∏‡±Ç‡∞™‡∞∞‡±ç,False,none,telugu
‡∞ö‡∞æ‡∞≤‡∞æ ‡∞¨‡∞æ‡∞ó‡±Å‡∞Ç‡∞¶‡∞ø,False,none,telugu
‡∞µ‡∞æ‡∞µ‡±ç,False,none,telugu
‡∞¶‡∞Ø‡∞ö‡±á‡∞∏‡∞ø,False,none,telugu
‡∞ö‡∞ø‡∞®‡±ç‡∞®‡∞Æ‡±ç‡∞Æ,False,none,telugu
‡∞Ö‡∞¶‡±ç‡∞≠‡±Å‡∞§‡∞Ç,False,none,telugu
‡∞¶‡±Ä‡∞µ‡±Ü‡∞®‡∞≤‡±Å,False,none,telugu
‡∞™‡∞µ‡∞∞‡±ç‚Äå‡∞´‡±Å‡∞≤‡±ç,False,none,telugu
‡∞∏‡∞Ç‡∞§‡±ã‡∞∑‡∞Ç‡∞ó‡∞æ ‡∞â‡∞Ç‡∞¶‡∞ø,False,none,telugu
‡∞µ‡±Ü‡∞∞‡±Ä ‡∞®‡±à‡∞∏‡±ç,False,none,telugu
‡∞Æ‡∞Ç‡∞ö‡∞ø ‡∞™‡∞®‡∞ø,False,none,telugu
‡∞ö‡∞æ‡∞≤‡∞æ ‡∞π‡±ç‡∞Ø‡∞æ‡∞™‡±Ä,False,none,telugu
‡∞é‡∞µ‡±ç‡∞µ‡∞æ‡∞≤‡∞æ,False,none,telugu
‡∞™‡±ç‡∞Ø‡±Ç‡∞∞‡±ç ‡∞≤‡∞µ‡±ç,False,none,telugu
‡∞∏‡∞ø‡∞Ç‡∞™‡±Å‡∞≤‡±ç‚Äå‡∞ó‡∞æ,False,none,telugu
‡∞ö‡∞ï‡±ç‡∞ï‡∞ó‡∞æ ‡∞â‡∞Ç‡∞¶‡∞ø,False,none,telugu
‡∞∞‡∞ø‡∞Ø‡∞≤‡±ç ‡∞´‡±Ä‡∞≤‡±ç,False,none,telugu
‡∞¨‡∞æ‡∞ó‡∞æ ‡∞â‡∞Ç‡∞¶‡∞ø,False,none,telugu
‡∞ú‡∞Ø‡∞π‡±ã,False,none,telugu
‡∞ó‡∞Æ‡∞®‡∞ø‡∞Ç‡∞ö‡∞Ç‡∞°‡∞ø,False,none,telugu
‡∞ó‡±Å‡∞∞‡±ç‡∞§‡∞ø‡∞Ç‡∞ö‡∞Ç‡∞°‡∞ø,False,none,telugu
‡∞ß‡∞®‡±ç‡∞Ø‡∞Æ‡±à‡∞®,False,none,telugu
‡∞∞‡∞æ‡∞£‡∞ø,False,none,telugu
‡∞ö‡±Å‡∞ü‡±ç‡∞ü‡±Å,False,none,telugu
‡∞á‡∞∑‡±ç‡∞ü‡∞Ç,False,none,telugu
‡∞Æ‡±Ä‡∞§‡±ã ‡∞â‡∞Ç‡∞ü‡∞æ‡∞®‡±Å,False,none,telugu
‡∞∏‡∞π‡∞æ‡∞Ø‡∞Ç ‡∞ö‡±á‡∞Ø‡∞Ç‡∞°‡∞ø,False,none,telugu
‡∞Æ‡±Ä‡∞∞‡±Å ‡∞∂‡∞ï‡±ç‡∞§‡∞ø‡∞µ‡∞Ç‡∞§‡±Å‡∞≤‡±Å,False,none,telugu
‡∞ö‡∞ï‡±ç‡∞ï‡∞ó‡∞æ,False,none,telugu
‡∞´‡±ç‡∞∞‡±Ü‡∞Ç‡∞°‡±ç,False,none,telugu
‡∞≤‡∞µ‡±ç,False,none,telugu
‡∞µ‡∞ø‡∞µ‡∞æ‡∞π‡∞Ç,False,none,telugu
‡∞π‡±ç‡∞Ø‡∞æ‡∞™‡±Ä,False,none,telugu
‡∞≤‡±à‡∞´‡±ç,False,none,telugu
‡∞é‡∞≤‡∞ø‡∞µ‡±á‡∞ü‡±ç,False,none,telugu
‡∞ó‡±Ü‡∞≤‡∞ø‡∞ö‡∞æ‡∞∞‡±Å,False,none,telugu
‡∞Ü‡∞®‡∞Ç‡∞¶‡∞ï‡∞∞‡∞Æ‡±à‡∞®,False,none,telugu
‡∞Æ‡±ã‡∞∏‡∞æ‡∞≤‡±Å,False,none,telugu
‡∞Æ‡∞®‡∞Ç ‡∞ï‡∞≤‡∞ø‡∞∏‡∞ø,False,none,telugu
‡∞Æ‡∞ø‡∞Æ‡±ç‡∞Æ‡∞≤‡±ç‡∞®‡∞ø,False,none,telugu
‡∞ß‡∞®‡±ç‡∞Ø‡∞µ‡∞æ‡∞¶‡∞Æ‡±Å‡∞≤‡±Å,False,none,telugu
‡∞™‡±ã‡∞≤‡±ç‡∞ö‡±Å‡∞ï‡±ã‡∞Ç‡∞°‡∞ø,False,none,telugu
‡∞Ö‡∞≤‡∞∏‡∞ø‡∞™‡±ã‡∞§‡±Å‡∞®‡±ç‡∞®‡∞æ,False,none,telugu
‡∞®‡∞µ‡∞ö‡±à‡∞§‡∞®‡±ç‡∞Ø‡∞Ç,False,none,telugu
‡∞∏‡∞æ‡∞ß‡∞ø‡∞Ç‡∞ö‡∞Ç‡∞°‡∞ø,False,none,telugu
‡∞¶‡±á‡∞µ‡±Å‡∞°‡±Å,False,none,telugu
‡∞¶‡±á‡∞µ‡±Å‡∞°,False,none,telugu
namaste,False,none,tenglish
dhanyavaadalu,False,none,tenglish
santhosham,False,none,tenglish
prema,False,none,tenglish
manasu,False,none,tenglish
anandam,False,none,tenglish
shanti,False,none,tenglish
bandham,False,none,tenglish
vinayamu,False,none,tenglish
snehitham,False,none,tenglish
baavocchu,False,none,tenglish
neenu,False,none,tenglish
manam,False,none,tenglish
ame,False,none,tenglish
tinandandi,False,none,tenglish
chadavu,False,none,tenglish
pathashala,False,none,tenglish
vidya,False,none,tenglish
sathyam,False,none,tenglish
dharmam,False,none,tenglish
aaradhana,False,none,tenglish
daya,False,none,tenglish
manchithanam,False,none,tenglish
matrubhoomi,False,none,tenglish
bhasha,False,none,tenglish
peddalu,False,none,tenglish
kutumbam,False,none,tenglish
chelli,False,none,tenglish
mitrudu,False,none,tenglish
annam,False,none,tenglish
neellu,False,none,tenglish
chettu,False,none,tenglish
daari,False,none,tenglish
sahaayam,False,none,tenglish
upakaaram,False,none,tenglish
kalisimelisi,False,none,tenglish
maat,False,none,tenglish
chirunavvu,False,none,tenglish
navvu,False,none,tenglish
kalisikattuga,False,none,tenglish
pani,False,none,tenglish
chaakachakyanga,False,none,tenglish
samayam,False,none,tenglish
vennela,False,none,tenglish
pustakam,False,none,tenglish
kalaalu,False,none,tenglish
swapnam,False,none,tenglish
paata,False,none,tenglish
cinema,False,none,tenglish
katha,False,none,tenglish
pustakalu,False,none,tenglish
vaakyam,False,none,tenglish
paatham,False,none,tenglish
saahityam,False,none,tenglish
sangeetham,False,none,tenglish
natakam,False,none,tenglish
pandaga,False,none,tenglish
samskruthi,False,none,tenglish
saampradayam,False,none,tenglish
prakruthi,False,none,tenglish
aathmiyudu,False,none,tenglish
kavita,False,none,tenglish
sangham,False,none,tenglish
aaharam,False,none,tenglish
palukubadi,False,none,tenglish
buddhimantudu,False,none,tenglish
namramaina,False,none,tenglish
shubhakaankshalu,False,none,tenglish
kalpana,False,none,tenglish
shraddha,False,none,tenglish
prayatnam,False,none,tenglish
abhyasam,False,none,tenglish
vijayam,False,none,tenglish
lakshyam,False,none,tenglish
sphoorthi,False,none,tenglish
upadesham,False,none,tenglish
prashna,False,none,tenglish
samaadhaanam,False,none,tenglish
maataladu,False,none,tenglish
telivi,False,none,tenglish
aalochana,False,none,tenglish
shakti,False,none,tenglish
naayakathvam,False,none,tenglish
pragathi,False,none,tenglish
dhairyam,False,none,tenglish
oorpu,False,none,tenglish
sahanam,False,none,tenglish
nammakam,False,none,tenglish
chaala baagundi,False,none,tenglish
vaav,False,none,tenglish
dayachesi,False,none,tenglish
chinnamma,False,none,tenglish
adbhutam,False,none,tenglish
deevenalu,False,none,tenglish
santhoshanga undi,False,none,tenglish
manchi pani,False,none,tenglish
chaala happy,False,none,tenglish
evvaala,False,none,tenglish
simplega,False,none,tenglish
chakkaga undi,False,none,tenglish
baagundi,False,none,tenglish
jayaho,False,none,tenglish
gamaninchandi,False,none,tenglish
gurtinchandi,False,none,tenglish
rani,False,none,tenglish
chuttu,False,none,tenglish
ishtam,False,none,tenglish
meetho untanu,False,none,tenglish
sahaayam cheyandi,False,none,tenglish
meeru shaktiyanthulu,False,none,tenglish
chakkaga,False,none,tenglish
vivaham,False,none,tenglish
gelicharu,False,none,tenglish
anandakaramina,False,none,tenglish
mosalu,False,none,tenglish
manam kalisi,False,none,tenglish
mimmalni,False,none,tenglish
dhanyavaadhamulu,False,none,tenglish
polchukondi,False,none,tenglish
alasipothunna,False,none,tenglish
navachaitanyam,False,none,tenglish
saadhinchandi,False,none,tenglish
devudu,False,none,tenglish
hello,False,none,english
happiness,False,none,english
heart,False,none,english
joy,False,none,english
peace,False,none,english
bond,False,none,english
respect,False,none,english
friendship,False,none,english
can be,False,none,english
we,False,none,english
you all,False,none,english
she,False,none,english
give,False,none,english
study,False,none,english
school,False,none,english
teacher,False,none,english
knowledge,False,none,english
truth,False,none,english
duty,False,none,english
worship,False,none,english
compassion,False,none,english
motherland,False,none,english
language,False,none,english
elders,False,none,english
family,False,none,english
father,False,none,english
sister,False,none,english
rice,False,none,english
water,False,none,english
tree,False,none,english
dream,False,none,english
path,False,none,english
help,False,none,english
assistance,False,none,english
word,False,none,english
smile,False,none,english
laugh,False,none,english
okay,False,none,english
yes,False,none,english
work,False,none,english
efficiently,False,none,english
time,False,none,english
moonlight,False,none,english
book,False,none,english
dreams,False,none,english
vision,False,none,english
song,False,none,english
movie,False,none,english
story,False,none,english
books,False,none,english
sentence,False,none,english
lesson,False,none,english
literature,False,none,english
music,False,none,english
play,False,none,english
art,False,none,english
festival,False,none,english
culture,False,none,english
tradition,False,none,english
nature,False,none,english
relative,False,none,english
poetry,False,none,english
society,False,none,english
food,False,none,english
speech,False,none,english
intelligent,False,none,english
polite,False,none,english
wishes,False,none,english
imagination,False,none,english
devotion,False,none,english
effort,False,none,english
practice,False,none,english
goal,False,none,english
inspiration,False,none,english
teaching,False,none,english
question,False,none,english
answer,False,none,english
conversation,False,none,english
wisdom,False,none,english
thought,False,none,english
strength,False,none,english
leadership,False,none,english
progress,False,none,english
courage,False,none,english
patience,False,none,english
tolerance,False,none,english
trust,False,none,english
very good,False,none,english
wow,False,none,english
please,False,none,english
little mother,False,none,english
amazing,False,none,english
blessings,False,none,english
good work,False,none,english
very happy,False,none,english
simply,False,none,english
well done,False,none,english
notice,False,none,english
remember,False,none,english
blessed,False,none,english
queen,False,none,english
around,False,none,english
like,False,none,english
i will stay with you,False,none,english
help me,False,none,english
you are strong,False,none,english
marriage,False,none,english
you won,False,none,english
full of joy,False,none,english
cheats,False,none,english
we together,False,none,english
thanks,False,none,english
compare,False,none,english
tired,False,none,english
new energy,False,none,english
succeed,False,none,english
god,False,none,english
hi,False,none,english
gadu,False,none,tenglish
thellarlu,False,none,tenglish
vunda,False,none,tenglish
letha,False,none,tenglish
ara,False,none,tenglish
golu,False,none,tenglish
golilu,False,none,tenglish
kapari,False,none,tenglish
gorre,False,none,tenglish
manishi,False,none,tenglish
sambar,False,none,tenglish
biddalu,False,none,tenglish
gallu,False,none,tenglish
andhra,False,none,tenglish
telangana,False,none,tenglish
oka,False,none,tenglish
star,False,none,english
actress,False,none,english
bazaar,False,none,english
bro,False,none,english
dude,False,none,english
brotha,False,none,english
‡∞ó‡∞æ‡∞°‡±Å,False,none,telugu
‡∞∏‡±ç‡∞ü‡∞æ‡∞∞‡±ç,False,none,telugu
‡∞Ö‡∞≠‡∞ø‡∞®‡∞Ø‡∞ï‡∞æ‡∞∞‡∞ø‡∞£‡∞ø,False,none,telugu
‡∞¨‡∞ú‡∞æ‡∞∞‡±ç,False,none,telugu
‡∞§‡±Ü‡∞≤‡±ç‡∞≤‡∞∞‡±ç‡∞≤‡±Å,False,none,telugu
‡∞®‡±á‡∞ö‡±Å‡∞ï‡±Å,False,none,telugu
‡∞µ‡±Å‡∞Ç‡∞°,False,none,telugu
‡∞≤‡±Ü‡∞§,False,none,telugu
‡∞Ö‡∞∞,False,none,telugu
‡∞ó‡±ã‡∞≤‡±Å,False,none,telugu
‡∞ó‡±ã‡∞≤‡∞ø‡∞≤‡±Å,False,none,telugu
‡∞®‡∞®‡±ç‡∞®,False,none,telugu
‡∞ï‡∞æ‡∞™‡∞æ‡∞∞‡∞ø,False,none,telugu
‡∞ï‡∞æ‡∞™‡∞∞‡±ç‡∞≤‡±Å,False,none,telugu
‡∞ó‡±ã‡∞∞‡±Ü,False,none,telugu
‡∞Æ‡∞æ‡∞®‡∞ø‡∞∑‡∞ø,False,none,telugu
‡∞∏‡∞æ‡∞Ç‡∞¨‡∞æ‡∞∞‡±Å,False,none,telugu
‡∞¨‡∞ø‡∞°‡±ç‡∞°‡∞≤‡±Å,False,none,telugu
‡∞ó‡∞≥‡±ç‡∞≥‡±Å,False,none,telugu
‡∞Ü‡∞Ç‡∞ß‡±ç‡∞∞,False,none,telugu
‡∞§‡±Ü‡∞≤‡∞Ç‡∞ó‡∞æ‡∞£,False,none,telugu
‡∞í‡∞ï,False,none,telugu
big,False,none,english
huge,False,none,english
small,False,none,english
fruits,False,none,english
vegetables,False,none,english
fruit,False,none,english
are good,False,none,english
are fine,False,none,english
we are fine,False,none,english
‡∞Æ‡∞Ç‡∞ö‡∞ø‡∞¶‡∞ø,False,none,telugu
‡∞ó‡±ä‡∞™‡±ç‡∞™,False,none,telugu
‡∞™‡±Ü‡∞¶‡±ç‡∞¶,False,none,telugu
‡∞ö‡∞ø‡∞®‡±ç‡∞®,False,none,telugu
‡∞ú‡∞æ‡∞Æ‡∞ï‡∞æ‡∞Ø‡∞≤‡±Å,False,none,telugu
‡∞§‡∞æ‡∞§‡∞ø‡∞ï‡∞æ‡∞Ø‡∞≤‡±Å,False,none,telugu
‡∞™‡∞Ç‡∞°‡±Å,False,none,telugu
‡∞¨‡∞æ‡∞ó‡±Å‡∞Ç‡∞ü‡∞æ‡∞Ø‡∞ø,False,none,telugu
‡∞¨‡∞æ‡∞µ‡±Å‡∞Ç‡∞ü‡∞æ‡∞Ø‡∞ø,False,none,telugu
‡∞¨‡∞æ‡∞ó‡±Å‡∞®‡±ç‡∞®‡∞æ‡∞Æ‡±Å,False,none,telugu
manchidi,False,none,tenglish
goppa,False,none,tenglish
pedda,False,none,tenglish
chinna,False,none,tenglish
jamakayalu,False,none,tenglish
thatikayalu,False,none,tenglish
pandu,False,none,tenglish
baguntayi,False,none,tenglish
bavuntayi,False,none,tenglish
bagunnamu,False,none,tenglish
meeru manchi vaaru,False,none,tenglish
meedi chala pedda manasu,False,none,tenglish
meedi chaala pedda illu,False,none,tenglish
mee kallu chala baguntayi,False,none,tenglish
dandam ra dhootha,False,none,tenglish
salaam namastey,False,none,tenglish
mee career best icharu,False,none,tenglish
best edit bhayya,False,none,tenglish
salaam,False,none,tenglish
bhayya,False,none,tenglish
thinu,False,none,tenglish
mangalavaram,False,none,tenglish
cheyyaku,False,none,tenglish
ilaney chaduvukondi,False,none,tenglish
pillalu chedipothunnaru,False,none,tenglish
pillalu padu ayipothunnaru,False,none,tenglish
pillalu,False,none,tenglish
pilladu,False,none,tenglish
gola,False,none,tenglish
jagrath,False,none,tenglish
em movie abba,False,none,tenglish
asal mid lo nunchi povatledu,False,none,tenglish
acting super,False,none,tenglish
theesta,False,none,tenglish
thoolu,False,none,tenglish
thokka,False,none,tenglish
oke okka chance,False,none,tenglish
pettadu,False,none,tenglish
em feel undi mowa,False,none,tenglish
deenamma em feel vundi bhayya,False,none,tenglish
thata vastadey adaragotti pothade,False,none,tenglish
adi kuda correct ey kada saar,False,none,tenglish
biryani thindam,False,none,tenglish
beer tagudm,False,none,tenglish
üòÖ,False,none,tenglish
ü§£,False,none,tenglish
üòÇ,False,none,tenglish
ü•≤,False,none,tenglish
ü§§,False,none,tenglish
nee abba ,True,mixed_toxicity,tenglish
naa kodaka,True,mixed_toxicity,tenglish
hang,True,threatening,english
execute,True,threatening,english
slaughter,True,threatening,english
massacre,True,threatening,english
abduct,True,threatening,english
cock,True,sexual_abuse,english
sucker,True,sexual_abuse,english
darn,True,profanity_generic,english
crap,True,profanity_generic,english
bloody,True,profanity_generic,english
hell,True,profanity_generic,english
pissed,True,profanity_generic,english
screw,True,profanity_generic,english
damn,True,profanity_generic,english
bugger,True,profanity_generic,english
bollocks,True,profanity_generic,english
jerk,True,common_insult,english
fatty,True,harassment_bullying,english
ugly,True,harassment_bullying,english
worthless,True,harassment_bullying,english
get lost,True,harassment_bullying,english
nobody likes you,True,harassment_bullying,english
die soon,True,harassment_bullying,english
‡∞Æ‡±Ü‡∞Ç‡∞ü‡∞≤‡±ã‡∞°,True,common_insult,telugu
‡∞™‡∞ø‡∞ö‡±ç‡∞ö‡±ã‡∞°,True,common_insult,telugu
‡∞™‡∞ø‡∞ö‡±ç‡∞ö‡∞ø‡∞°‡∞ø,True,common_insult,telugu
‡∞™‡∞ø‡∞ö‡±ç‡∞ö‡∞ø,True,common_insult,telugu
‡∞¨‡±Å‡∞∞‡±ç‡∞∞‡∞≤‡±á‡∞°‡±Å,True,common_insult,telugu
‡∞¨‡±Å‡∞∞‡±ç‡∞∞‡∞≤‡±á‡∞¶‡±Å,True,common_insult,telugu
‡∞¨‡±Å‡∞∞‡±ç‡∞∞‡∞§‡∞ï‡±ç‡∞ï‡±Å‡∞µ,True,common_insult,telugu
‡∞¨‡±Å‡∞∞‡±ç‡∞∞ ‡∞§‡∞ï‡±ç‡∞ï‡±Å‡∞µ ‡∞é‡∞°‡∞µ‡∞≤‡±Å,True,common_insult,telugu
‡∞¨‡±Å‡∞∞‡±ç‡∞∞ ‡∞≤‡±á‡∞®‡∞ø‡∞¶‡∞ø,True,common_insult,telugu
‡∞¨‡±Å‡∞∞‡±ç‡∞∞ ‡∞§‡∞ï‡±ç‡∞ï‡±Å‡∞µ‡∞¶‡∞ø,True,common_insult,telugu
‡∞ó‡∞æ‡∞°‡∞ø‡∞¶,True,common_insult,telugu
‡∞™‡∞Ç‡∞¶‡∞ø,True,common_insult,telugu
‡∞ï‡±Å‡∞ï‡±ç‡∞ï,True,common_insult,telugu
‡∞ï‡±Å‡∞§‡±á,True,common_insult,telugu
‡∞ï‡∞™‡±ç‡∞™ ‡∞ó‡∞æ‡∞°‡±Å,True,common_insult,telugu
‡∞§‡±ä‡∞Ç‡∞° ‡∞ó‡∞æ‡∞°‡±Å,True,common_insult,telugu
‡∞¶‡±Å‡∞®‡±ç‡∞®‡∞™‡±ã‡∞§,True,common_insult,telugu
‡∞™‡∞ø‡∞ö‡±ç‡∞ö‡∞ø ‡∞Æ‡±Å‡∞Ç‡∞°,True,common_insult,telugu
‡∞™‡∞ø‡∞ö‡±ç‡∞ö ‡∞®‡∞æ ‡∞ï‡±ä‡∞°‡±Å‡∞ï‡±Å,True,common_insult,telugu
‡∞™‡∞ø‡∞ö‡±ç‡∞ö‡∞ø ‡∞®‡∞æ ‡∞¨‡∞ü‡±ç‡∞ü,True,common_insult,telugu
‡∞¨‡∞ü‡±ç‡∞ü,True,common_insult,telugu
‡∞Æ‡±Ü‡∞Ç‡∞ü‡∞≤‡±ç ‡∞®‡∞æ ‡∞¨‡∞ü‡±ç‡∞ü,True,common_insult,telugu
‡∞ì‡∞∏‡±á,True,common_insult,telugu
‡∞µ‡±Ü‡∞≤‡∞ø ‡∞Æ‡±Å‡∞¶‡±ç‡∞∞ ‡∞ó‡∞æ‡∞°‡±Å,True,common_insult,telugu
‡∞é‡∞≤‡∞ø ‡∞Æ‡±Å‡∞¶‡±ç‡∞∞ ‡∞ó‡∞æ‡∞°‡±Å,True,common_insult,telugu
‡∞™‡∞æ‡∞µ‡∞≤ ‡∞ó‡∞æ‡∞°‡±Å,True,common_insult,telugu
‡∞Æ‡∞¨‡±ç‡∞¨‡±Å ‡∞ó‡∞æ‡∞°‡±Å,True,common_insult,telugu
‡∞¨‡±Å‡∞¶‡±ç‡∞ß‡∞ø‡∞≤‡±á‡∞®‡∞ø ‡∞µ‡∞æ‡∞°‡±Å,True,common_insult,telugu
‡∞Æ‡±ä‡∞¶‡±ç‡∞¶‡±Å ‡∞¨‡±Å‡∞∞‡±ç‡∞∞,True,common_insult,telugu
‡∞µ‡±Ü‡∞ß‡∞µ,True,common_insult,telugu
‡∞ö‡∞≤‡±ç‡∞§‡∞æ,True,common_insult,telugu
‡∞ö‡∞ø‡∞≤‡±ç‡∞§‡∞∞,True,common_insult,telugu
‡∞¨‡±Ä‡∞¶‡∞æ‡∞ñ‡±ã‡∞∞‡±ç,True,common_insult,telugu
‡∞¨‡±á‡∞µ‡∞æ‡∞∞‡±ç‡∞∏‡±ç,True,common_insult,telugu
‡∞¨‡±á‡∞µ‡∞ï‡±Ç‡∞´‡±ç,True,common_insult,telugu
‡∞≤‡±á‡∞µ‡∞≤‡±á‡∞®‡∞ø ‡∞µ‡∞æ‡∞°‡±Å,True,common_insult,telugu
‡∞™‡∞§‡∞ø‡∞µ‡±ç‡∞∞‡∞§,True,common_insult,telugu
‡∞Ö‡∞°‡∞Ç‡∞ó‡∞ø,True,common_insult,telugu
‡∞ö‡±Ü‡∞ï‡±ç‡∞ï‡∞ó‡∞æ‡∞°‡±Å,True,common_insult,telugu
‡∞ö‡±Ü‡∞ï‡±ç‡∞ï ‡∞Æ‡±ä‡∞ï‡∞Ç,True,common_insult,telugu
‡∞¨‡∞ø‡∞ö‡±ç‡∞ö‡∞ó‡∞æ‡∞°‡±Å,True,common_insult,telugu
‡∞Ö‡∞®‡∞æ‡∞ß,True,common_insult,telugu